# DOCX parity checklist: one row per feature a student or teacher meets, compared with Google Docs (Office for view and save fidelity).
# Cells are separated by ¦ (U+00A6). Status per aspect: Y works and a cited test shows it, P partial, N missing, U believed to work but no test yet, - not applicable.
# Evidence, joined by " ; ", each optionally scoped to one aspect as view@, edit@, save@ or collab@: fork:<path>::<part of a test name>,
# capy:<path>::<part of a test name>, matrix:<DOCX matrix generator>, code:fork:<path> or code:capy:<path>, doc:<Capy path>. Only fork:, capy: and matrix: count as tests.
# Check and regenerate: python3 bench/parity/scripts/parity.py [--check] (bench/README.md, parity).
id ¦ area ¦ feature ¦ prio ¦ view ¦ edit ¦ save ¦ collab ¦ impact ¦ effort ¦ evidence ¦ notes ¦ todo
docx.view.pagination ¦ Open and display ¦ Pagination like Word: page count, keep with next, widow and orphan control, rows split across pages, repeated header rows ¦ P0 ¦ P ¦ - ¦ - ¦ - ¦ 5 ¦ M ¦ fork:crates/docx-layout/tests/table_keep_next.rs::a_heading_row_moves_with_the_following_row ; fork:crates/docx-layout/tests/table_header_pagination.rs::leading_headers_move_with_the_first_body_slice ; fork:crates/docx-edit/src/engine.rs::authored_widow_control_off_survives ; fork:crates/docx-layout/tests/goldens.rs::golden_corpus_byte_identity ¦ The rules are tested one by one, but agreement with Word is unmeasured on this pin: upstream's benchmark (63/63 exact page counts, SSIM 0.837 on 63 public DOCX) ran on upstream commit e8ce123f, which capy-ci does not contain, and the fork's Benchmarks workflow has never run. ¦ Run the fork's Benchmarks workflow (scripts/office-quality, DOCX channel) on capy-ci, keep page agreement and SSIM per pin in this report, and fix the worst documents first.
docx.view.fonts ¦ Open and display ¦ Fonts: metric-compatible stand-ins for Calibri, Cambria, Arial, Times and Courier; CJK faces loaded on demand; an explicit error when a face fails ¦ P0 ¦ Y ¦ - ¦ - ¦ - ¦ ¦ ¦ capy:src/office-runtime/officeFonts.test.ts::CJK faces ; fork:crates/ooxml-text/tests/docx_text.rs::break_opportunities_for_mixed_latin_cjk_space_text ¦ A document font with no bundled face paints with its CSS fallback (Google Fonts lookup off), so its metrics differ from Word. ¦
docx.view.styles ¦ Open and display ¦ Paragraph, character and table styles, theme fonts and colours, direct formatting ¦ P0 ¦ Y ¦ - ¦ - ¦ - ¦ ¦ ¦ fork:crates/docx-edit/tests/review_fidelity.rs::undeclared_font_size_matches_word ; fork:crates/docx-edit/tests/review_fidelity.rs::dark_cells_preserve_colors_inherited ; fork:crates/docx-parse/src/formatting.rs::merge_preserves_auto_color ¦ ¦
docx.view.lists ¦ Open and display ¦ Numbered and bulleted lists, multilevel numbering, restarts ¦ P0 ¦ P ¦ - ¦ - ¦ - ¦ 3 ¦ S ¦ fork:crates/docx-edit/tests/suppressed_list_markers.rs::decimal_counters_and_bullet_markers_are_preserved ; fork:crates/docx-edit/src/seed.rs::numbering_indents_precede_styles ¦ todo-office.md: the viewer may ignore list start values (8, 9), legal numbering and Chinese counting (seen with minimal numbering XML, not yet confirmed on a Word file). ¦ Check start values, legal and Chinese numbering on Word-made files and fix what differs.
docx.view.tables ¦ Open and display ¦ Tables: borders, shading, merged cells, vertical alignment, nested and floating tables ¦ P0 ¦ Y ¦ - ¦ - ¦ - ¦ ¦ ¦ fork:crates/docx-layout/tests/display_list.rs::table_cell_content_insets_border_and_honors_valign ; fork:crates/docx-layout/tests/positioned_table_pagination.rs::full_width_text_floats ; fork:crates/docx-layout/src/measure_blocks.rs::collapsed_borders_expand ¦ In edit mode a row's skipped grid columns (w:gridBefore) start at the first column, unlike view mode and Word (todo-office.md). ¦
docx.view.pictures ¦ Open and display ¦ Pictures inline and floating with text wrapping, crop, rotation, colour effects, TIFF ¦ P0 ¦ Y ¦ - ¦ - ¦ - ¦ ¦ ¦ fork:crates/docx-edit/tests/behind_object_order.rs::imported_picture_presets_survive_inline_and_anchored_layout ; fork:crates/docx-parse/src/image.rs::parses_inline_picture_crop_opacity_effects ; fork:packages/docx/src/docx/tiffMedia.test.ts ¦ Whether tight and through wrap follow the wrap polygon was not checked (the parser keeps it). ¦
docx.view.shapes ¦ Open and display ¦ Shapes and text boxes (DrawingML and legacy VML), horizontal rules ¦ P1 ¦ Y ¦ P ¦ Y ¦ - ¦ 2 ¦ M ¦ view@fork:crates/docx-layout/tests/display_list.rs::text_box_fragment_emits_container_and_inner_text ; view@fork:crates/docx-edit/src/bridge/shapes.rs::shape_color_modifiers ; view@fork:crates/docx-edit/tests/review_fidelity.rs::vml_horizontal_rule ; save@fork:packages/docx/src/yrs/shapeSave.test.ts::keeps a text box body ; code:fork:packages/docx-react/src/components/Toolbar.tsx ¦ Text inside existing text boxes can be edited; Capy offers no command to insert a shape or text box (docx-react's own toolbar has one, Capy's single row does not). ¦ Offer Insert › Shape and Text box in Capy's menus once a decision says which shapes (Google Docs has a drawing canvas instead).
docx.view.charts ¦ Open and display ¦ Charts ¦ P1 ¦ Y ¦ N ¦ Y ¦ - ¦ 2 ¦ L ¦ view@fork:crates/docx-layout/tests/chart_snapshots.rs::chart_display_lists_match ; save@fork:packages/docx/src/yrs/chartSave.test.ts::keeps a chart ; save@capy:e2e/uat/journeys/richContent.spec.ts::rich-content ¦ Drawn from the chart part and saved untouched with its embedded workbook; no chart editing. ¦ Chart data and title editing (Google Docs links charts to Sheets instead); low priority for students.
docx.view.smartart ¦ Open and display ¦ SmartArt diagrams ¦ P1 ¦ P ¦ N ¦ U ¦ - ¦ 2 ¦ XL ¦ view@fork:crates/docx-parse/src/smart_art.rs::basic_process_fallback_builds_two_chevrons ; view@fork:crates/docx-parse/src/smart_art.rs::cached_connector_and_text_are_enriched ¦ Drawn from the cached drawing Word stores, with a basic-layout fallback when it is missing; not editable. ¦ SmartArt editing is out of reach for now; keep view fidelity.
docx.view.equations ¦ Open and display ¦ Equations (OMML) ¦ P0 ¦ P ¦ N ¦ Y ¦ - ¦ 5 ¦ L ¦ save@fork:crates/docx-parse/tests/fidelity_replay.rs::omml_angle_bracket_delimiters_roundtrip ; save@fork:crates/docx-parse/src/block.rs::preserves_block_sdts_empty_paragraphs_math ; code:fork:crates/docx-edit/src/bridge/mod.rs ¦ An equation is drawn as its linear plain text in italic Cambria Math, or "[equation]" when the file stores none (bridge/mod.rs, "math" lowering), not laid out in 2-D; the OMML is kept and saved unchanged. Maths and science handouts are full of equations. ¦ Lay out OMML in 2-D in docx-layout (fractions, scripts, radicals, delimiters, n-ary operators, matrices) with the math font's tables; an equation editor is a later, larger step.
docx.view.headers ¦ Open and display ¦ Headers and footers: first, even and odd pages, page numbers ¦ P0 ¦ P ¦ - ¦ - ¦ - ¦ 3 ¦ S ¦ fork:crates/docx-layout/tests/hf_bands.rs::hf_regions_follow_variant_mapping ; fork:crates/docx-layout/tests/display_list.rs::centered_hf_field_line_recenters_per_page ¦ todo-office.md: a PAGE or NUMPAGES field after a right or centre tab is measured with its cached text, so the usual "…⟨tab⟩Page N" footer ends about 9 px past the margin on pages 10–99. ¦ Shrink the tab by the resolved minus the cached field width on each page (docx-layout display_list.rs).
docx.view.notes ¦ Open and display ¦ Footnotes and endnotes ¦ P1 ¦ P ¦ P ¦ Y ¦ U ¦ 3 ¦ M ¦ view@fork:crates/docx-layout/tests/note_areas.rs::note_primitives_carry_their_own_story_range ; view@fork:crates/docx-layout/src/footnotes.rs::collects_footnotes_endnotes ; edit@fork:packages/docx/src/yrs/noteSave.test.ts::round-trips text typed into a footnote ; save@fork:packages/docx/src/yrs/noteSave.test.ts::round-trips text typed into a footnote ¦ A footnote longer than a page is never continued on the next page (todo-office.md). Existing notes can be edited; there is no command to insert a new footnote or endnote. ¦ Continue long footnotes onto the next page; add Insert › Footnote (engine op and menu item).
docx.view.sections ¦ Open and display ¦ Sections, orientation per section, columns and column balancing ¦ P1 ¦ Y ¦ P ¦ - ¦ - ¦ 2 ¦ S ¦ view@fork:crates/docx-layout/src/column_balancing.rs::balances_terminal_two_column_text_section ; view@fork:crates/docx-layout/src/section_breaks.rs::next_column_section_break_places_the_next_section ¦ Columns cannot be set from the editor (no Columns command); section breaks can be inserted (see Breaks). ¦ Add Format › Columns (one to three, for the section at the caret).
docx.view.fields ¦ Open and display ¦ Fields (PAGE, NUMPAGES, REF, PAGEREF, DATE) and content controls, date controls in their own language ¦ P1 ¦ P ¦ Y ¦ Y ¦ Y ¦ 2 ¦ M ¦ fork:shared/docx-field-containers.test.ts ; fork:packages/docx/src/yrs/contentControlValues.test.ts::a date control's value is shown in the language of its w:lid ; fork:crates/docx-edit/tests/op_corpus.rs::continued_field_ends_follow_edits ; collab@matrix:docx-fields ¦ REF and PAGEREF show their cached results; nothing recomputes them except Update table of contents. ¦ Recompute PAGEREF and REF from the layout when it changes.
docx.view.markup ¦ Open and display ¦ Comments and tracked changes from Word shown with their ranges ¦ P0 ¦ Y ¦ - ¦ - ¦ - ¦ ¦ ¦ fork:packages/docx-react/src/components/sidebar/readOnlyCards.test.tsx::read-only comment and tracked-change cards ; fork:crates/docx-edit/src/canonical.rs::commented_story_matches_the_commentids_golden ¦ ¦
docx.view.cjk ¦ Open and display ¦ Chinese, Japanese and Korean text: line breaking, East Asian fonts, document grid ¦ P1 ¦ Y ¦ - ¦ Y ¦ - ¦ ¦ ¦ view@fork:crates/ooxml-text/tests/docx_text.rs::east_asian_code_pages_select_the_cjk_line_pitch ; view@fork:crates/docx-layout/tests/synthetic_metrics.rs::cjk_fallback_stays_unwrapped ; save@capy:e2e/uat/journeys/richContent.spec.ts::rich-content ¦ The rich-content UAT journey edits a Traditional Chinese report and checks its eastAsia language tags survive. ¦
docx.view.ruby ¦ Open and display ¦ Phonetic guides (ruby) over CJK text ¦ P2 ¦ N ¦ N ¦ U ¦ - ¦ 2 ¦ M ¦ ¦ docx-parse does not read w:ruby, so the base text shows without its guide; whether a save of that paragraph keeps the markup is unverified. ¦ Read w:ruby and lay out the guide (Japanese and Chinese teaching material uses it).
docx.view.rtl ¦ Open and display ¦ Right-to-left paragraphs (Arabic, Hebrew) and text direction ¦ P2 ¦ Y ¦ Y ¦ - ¦ - ¦ ¦ ¦ view@fork:crates/docx-layout/tests/glyph_run.rs::rtl_paragraph_reorders ; view@fork:crates/ooxml-text/tests/docx_text.rs::arabic_rtl_shaping ; edit@fork:packages/docx/src/yrs/paragraphPropertiesSave.test.ts::right-to-left ¦ Format › Text direction sets it. ¦
docx.view.rare_layout ¦ Open and display ¦ Automatic hyphenation, drop caps, line numbers ¦ P2 ¦ N ¦ - ¦ - ¦ - ¦ 1 ¦ M ¦ ¦ No layout code reads w:autoHyphenation, w:framePr (drop caps) or w:lnNumType, so such documents wrap or look different from Word (WordCraft lists all three as done). ¦ Add them when a real file needs them.
docx.view.watermark ¦ Open and display ¦ Watermarks ¦ P2 ¦ Y ¦ U ¦ Y ¦ - ¦ ¦ ¦ view@fork:crates/docx-layout/tests/display_list.rs::text_watermark_emits_rotated ; save@fork:crates/docx-parse/src/serializer/watermark.rs::text_watermark_has_pinned_geometry ; code:fork:packages/docx-react/src/components/dialogs/WatermarkDialog.tsx ¦ Insert › Watermark exists; its dialog has no test. ¦
docx.view.page_borders ¦ Open and display ¦ Page borders ¦ P2 ¦ U ¦ - ¦ - ¦ - ¦ ¦ ¦ code:fork:crates/docx-layout/src/display_list.rs ¦ docx-layout reads w:pgBorders; no test found. ¦
docx.view.hidden ¦ Open and display ¦ Hidden text, Show hidden text ¦ P2 ¦ Y ¦ - ¦ - ¦ - ¦ ¦ ¦ fork:crates/docx-edit/tests/review_fidelity.rs::hidden_drawings_and_fields_follow_run_visibility ; fork:packages/docx-react/src/components/DocxEditor/showHiddenText.test.tsx ¦ ¦
docx.view.copy ¦ Open and display ¦ View mode: select and copy text, list numbers and tables as Word's plain text ¦ P1 ¦ Y ¦ - ¦ - ¦ - ¦ ¦ ¦ capy:e2e/editor/biology-office.spec.ts::DOCX view mode selects and copies text ; fork:packages/docx-react/src/components/textLayer.test.ts ¦ ¦
docx.view.a11y ¦ Open and display ¦ Screen readers reach the whole document ¦ P1 ¦ P ¦ - ¦ - ¦ - ¦ 3 ¦ S ¦ fork:packages/docx-react/src/components/DocxEditor/CanvasPageMirror.test.tsx::swaps between the positioned and the plain-text mirror ¦ The mirror is tested in jsdom only; no real screen reader has been run on this pin (agents stay headless). ¦ One pass with a real screen reader and find-in-page on Epo's machine (Needs decision).
docx.view.large ¦ Open and display ¦ Long documents (200+ pages) open and scroll ¦ P1 ¦ P ¦ - ¦ - ¦ - ¦ 3 ¦ M ¦ doc:openwiki/frontend/office-files.md ¦ On this pin a 248-page DOCX opens in View in about 16 s in Chrome (69 s before wasm-alloc, 2026-10-09) and a 496-page one exhausts the 4 GiB WASM memory (docx-view-memory). docx-view-f8 (capy-ci a1165f4b, not yet pinned) builds the viewer's display list eight pages at a time: 243 pages need 241 MB of viewer WASM instead of 2.19 GB, so 496 pages should fit (not re-measured). Measured by benches, not tests. ¦ Pin docx-view-f8 (cite crates/docx-view-wasm/tests/view_memory.rs), re-measure 496 pages, then progressive View (first paint after one batch) and the Office size limits.
docx.edit.typing ¦ Text editing and formatting ¦ Typing, selection, keyboard navigation, IME composition ¦ P0 ¦ - ¦ P ¦ Y ¦ Y ¦ 3 ¦ M ¦ edit@fork:packages/docx-react/src/components/DocxEditor/YrsInput.flush.test.tsx::flush includes a completed IME composition ; edit@fork:packages/docx-react/src/components/DocxEditor/verticalCaretGoal.test.ts ; save@capy:e2e/uat/journeys/richContent.spec.ts::rich-content ; collab@fork:crates/docx-edit/tests/op_corpus.rs::seeded_bookmarks_follow_typing_splits_joins_and_remote_typing ¦ Home and End go to the paragraph's start and end, not the line's (todo-office.md). ¦ Line-aware Home and End, with a caret affinity at wrap points.
docx.edit.undo ¦ Text editing and formatting ¦ Undo and redo of one's own edits, across stories ¦ P0 ¦ - ¦ Y ¦ - ¦ Y ¦ ¦ ¦ edit@fork:packages/docx/src/yrs/undoHistory.test.ts::keeps one ordered history across stories ; collab@fork:crates/docx-edit/tests/concurrent_undo.rs::undo_keeps_a_paragraph_another_person_outdented ¦ yrs carries Capy's Undo fixes (follow_redone, deletion order, clamp) until upstream releases them. ¦
docx.edit.clipboard ¦ Text editing and formatting ¦ Copy, cut and paste ¦ P0 ¦ - ¦ P ¦ - ¦ - ¦ 5 ¦ M ¦ edit@fork:packages/docx-react/src/components/DocxEditor/YrsInput.flush.test.tsx::copy writes the selection as plain text ; edit@fork:packages/docx-react/src/components/DocxEditor/yrsCommands.copy.test.ts ; code:fork:packages/docx-react/src/components/DocxEditor/YrsInput.tsx ¦ Plain text only both ways: paste reads text/plain (YrsInput.tsx handlePaste), so formatting, lists, tables and pictures pasted from Word, Google Docs or a web page are lost; cut over anything plain text cannot carry only copies (decided 2026-10-03). ¦ Rich paste: read text/html (Word, Google Docs, browsers) and map runs, paragraphs, lists, tables and pictures onto engine ops; write HTML on copy too.
docx.edit.character ¦ Text editing and formatting ¦ Bold, italic, underline, strikethrough, superscript, subscript ¦ P0 ¦ - ¦ Y ¦ P ¦ U ¦ 3 ¦ M ¦ edit@fork:packages/docx-react/src/components/DocxEditor/yrsToolbar.script.test.ts::the toolbar toggles superscript and subscript ; edit@fork:crates/docx-edit/src/read_state.rs::bold_is_mixed ; save@fork:packages/docx/src/yrs/keptPropertiesSave.test.ts ¦ Bold, italic and underline have no toolbar test of their own (read-state and save tests cover them). Every save writes the style's run formatting as direct formatting on each saved run (todo-office.md), so later style changes in Word no longer reach those runs. ¦ Save only the run properties the editor changed, as the paragraph save already does.
docx.edit.font ¦ Text editing and formatting ¦ Font family and size, East Asian and complex-script slots set as Word does ¦ P0 ¦ - ¦ Y ¦ Y ¦ - ¦ ¦ ¦ fork:packages/docx/src/yrs/keptPropertiesSave.test.ts::take a picked font in the Latin and complex-script slots ; edit@fork:packages/docx-react/src/components/singleRowToolbar.test.tsx::showFontPicker ¦ The font picker and size box are hidden below lg. ¦
docx.edit.colour ¦ Text editing and formatting ¦ Text colour and highlight ¦ P0 ¦ - ¦ Y ¦ Y ¦ - ¦ ¦ ¦ fork:packages/docx-react/src/components/DocxEditor/yrsToolbar.highlight.test.ts::the selection reports its highlight ; edit@fork:packages/docx-react/src/components/ui/ColorPicker.palette.test.tsx ; fork:crates/docx-edit/tests/selection_highlight.rs::a_seeded_highlight_is_reported_by_name_or_hex ¦ A picked colour is plain RGB from Capy's 40 document colours, not a theme colour. ¦
docx.edit.clear ¦ Text editing and formatting ¦ Clear formatting ¦ P1 ¦ - ¦ Y ¦ - ¦ - ¦ ¦ ¦ fork:crates/docx-edit/tests/op_corpus.rs::clear_formatting_keeps_hyperlinks_and_tracked_changes ¦ ¦
docx.edit.paragraph ¦ Text editing and formatting ¦ Alignment, indents (menu and ruler), line spacing, tab stops, space before and after ¦ P0 ¦ - ¦ P ¦ Y ¦ Y ¦ 3 ¦ S ¦ fork:packages/docx/src/yrs/paragraphPropertiesSave.test.ts::saves an edited ; fork:packages/docx/src/yrs/lineSpacingSave.test.ts ; edit@fork:crates/docx-edit/tests/op_corpus.rs::tab_stops_add_replace_and_remove ; collab@fork:crates/docx-edit/tests/concurrent_undo.rs::undo_keeps_a_paragraph_outdented_after_a_concurrent_indent_won ¦ No command sets space before or after, paragraph borders or shading (the empty Paragraph spacing heading is hidden as a placeholder, 2026-10-03). ¦ Add space before and after to Line spacing, as Google Docs' Line & paragraph spacing does.
docx.edit.styles ¦ Text editing and formatting ¦ Apply paragraph styles (Normal, Title, Headings) ¦ P0 ¦ - ¦ Y ¦ Y ¦ U ¦ ¦ ¦ edit@fork:crates/docx-edit/tests/op_corpus.rs::apply_paragraph_style_replaces_style_numbering ; edit@fork:packages/docx-react/src/components/DocxEditor/yrsToolbar.styles.test.ts ; save@fork:packages/docx/src/yrs/keptPropertiesSave.test.ts::take a style picked ¦ Format › Paragraph styles lists the first 40 styles; concurrent style changes converge through explicit nulls (decided 2026-10-06), no two-peer test found. ¦
docx.edit.define_styles ¦ Text editing and formatting ¦ Create or modify a style ¦ P2 ¦ - ¦ N ¦ - ¦ - ¦ 1 ¦ L ¦ doc:openwiki/frontend/office-files.md ¦ The save cannot add a style definition (styles live in the source package, not in Yjs), so neither New style nor Modify style is possible. ¦ Model style definitions in the editing state and write styles.xml on save.
docx.edit.lists ¦ Text editing and formatting ¦ Lists: toggle bullets or numbers, Enter continues, an empty item ends, indent changes the level ¦ P0 ¦ - ¦ P ¦ U ¦ U ¦ 3 ¦ M ¦ edit@fork:crates/docx-edit/tests/op_corpus.rs::apply_paragraph_style_replaces_style_numbering ; code:fork:packages/docx-react/src/components/ui/ListButtons.tsx ¦ Bulleted and numbered lists toggle and follow Word's Enter rules (decided 2026-10-06); there is no choice of bullet or number style, no restart or continue numbering and no set value. ¦ Add list styles (bullet glyphs, number formats) and restart numbering, as Google Docs' list options.
docx.edit.find ¦ Text editing and formatting ¦ Find and replace ¦ P1 ¦ - ¦ U ¦ - ¦ - ¦ ¦ S ¦ fork:packages/docx/src/yrs/searchText.test.ts::returns every paragraph-local match ¦ The engine's search is tested; the dialog and Replace are not (Capy's e2e only opens it while paused). ¦ Add a test for Replace and Replace all.
docx.edit.spelling ¦ Text editing and formatting ¦ Spelling marks and suggestions ¦ P1 ¦ - ¦ N ¦ - ¦ - ¦ 4 ¦ L ¦ code:fork:packages/docx-react/src/components/DocxEditor/YrsInput.tsx ¦ The editor paints text on a canvas and types through an always-empty textarea, so the browser's spell checker has nothing to underline (inferred from the code; not checked in a browser). Google Docs and Word both check spelling. ¦ Spell checking for the canvas editors: a checker (browser dictionary through a hidden mirror, or a WASM dictionary) and painted squiggles with suggestions; decide languages.
docx.edit.word_count ¦ Text editing and formatting ¦ Word count ¦ P1 ¦ - ¦ N ¦ - ¦ - ¦ 4 ¦ S ¦  ¦ No word or character count anywhere in the DOCX editor (no code mentions one); essays come with word limits. ¦ Tools › Word count (words, characters, pages; for the selection and the document), as Google Docs.
docx.edit.view_tools ¦ Text editing and formatting ¦ Zoom, ruler, document outline ¦ P2 ¦ - ¦ Y ¦ - ¦ - ¦  ¦  ¦ fork:packages/docx-react/src/components/singleRowToolbar.test.tsx::View › Show ruler ; capy:e2e/editor/biology-office.spec.ts::DOCX View › Show ruler ; fork:packages/docx-react/src/components/singleRowToolbar.test.tsx::the folded menu's View item toggles the outline ¦ The ruler draws the last section's page for every page (following the section at the caret is a follow-up). ¦ 
docx.edit.tables ¦ Structure and objects ¦ Tables: insert, rows and columns, merge and split, borders, cell fill, alignment, header rows, distribute, auto-fit, wrap, column drag ¦ P0 ¦ - ¦ Y ¦ Y ¦ P ¦ 2 ¦ M ¦ edit@fork:crates/docx-edit/src/ops/table.rs::insert_row_creates_stories ; edit@fork:crates/docx-edit/src/ops/table.rs::merge_then_split_updates_spans ; edit@fork:packages/docx/src/yrs/tableMenu.test.ts::pins header rows ; edit@fork:packages/docx-react/src/components/ui/TableMoreDropdown.test.tsx::the table ⋮ menu follows Google Docs ; edit@capy:e2e/editor/biology-office.spec.ts::DOCX Format › Table fits ; save@fork:packages/docx/src/yrs/tableBorders.test.ts::round-trips all borders ; save@fork:packages/docx/src/yrs/insertTable.test.ts::saves and reopens with Word default grid borders ; collab@fork:crates/docx-edit/src/ops/table.rs::table_menu_ops_keep_a_peer_s_typing ¦ Two peers changing one table's rows at once keep one of the two changes (decided 2026-10-06). A new table draws in another font in edit than in view, and Auto-fit width differs between modes (todo-office.md). ¦ Make concurrent row changes merge per row instead of per table; fix the edit/view font and width differences.
docx.edit.table_styles ¦ Structure and objects ¦ Table style gallery ¦ P2 ¦ - ¦ U ¦ - ¦ - ¦ ¦ ¦ code:fork:packages/docx-react/src/components/ui/TableStyleGallery.tsx ¦ docx-react has a gallery; whether Capy's row exposes it was not checked. ¦
docx.edit.pictures ¦ Structure and objects ¦ Insert a picture (Capy's file picker), resize, wrap mode, rotate and flip, picture options ¦ P0 ¦ - ¦ U ¦ Y ¦ U ¦ 4 ¦ S ¦ save@fork:crates/docx-parse/src/serializer/s13.rs::inserted_image_with_temporary_relationship_is_written ; save@fork:shared/docx-pptx-storage.test.ts::turns an inserted image into a reference ; code:fork:packages/docx-react/src/components/ui/ImageWrapDropdown.tsx ¦ Saving and publishing an inserted picture are tested; the resize handles and the wrap and transform menus have no test. ¦ One e2e: insert, resize, wrap, save, reopen.
docx.edit.links ¦ Structure and objects ¦ Links: insert, edit, remove (Ctrl/Cmd+K) ¦ P1 ¦ - ¦ U ¦ Y ¦ - ¦ ¦ S ¦ save@fork:crates/docx-parse/tests/fidelity_replay.rs::complex_fields_inside_hyperlinks_roundtrip ; code:fork:packages/docx-react/src/components/dialogs/HyperlinkDialog.tsx ¦ The link dialog and popup have no test. ¦ Add a test for insert, edit and remove link.
docx.edit.comments ¦ Structure and objects ¦ Comments: add, reply, resolve, delete; ranges kept across publications ¦ P0 ¦ - ¦ Y ¦ Y ¦ Y ¦ ¦ ¦ edit@capy:e2e/editor/biology-office.spec.ts::DOCX editor focus ; edit@fork:crates/docx-edit/src/raw.rs::set_comment_upserts_and_remove_comment_deletes ; save@fork:shared/docx-comment-ranges.test.ts ; collab@matrix:docx-comments-breaks ; collab@fork:crates/docx-edit/src/lib.rs::comment_anchor_survives_insert_split_and_delete_undo_redo ¦ The e2e adds a comment and opens its reply box; no test completes a reply or a resolve. Comments spanning several stories are unsupported (the editor cannot create them). ¦
docx.edit.review ¦ Structure and objects ¦ Tracked changes from Word: accept or reject one, Accept all, Reject all ¦ P1 ¦ - ¦ Y ¦ Y ¦ Y ¦ ¦ ¦ edit@fork:packages/docx-react/src/hooks/useReviewAllItems.test.tsx::Accept all and Reject all show only ; edit@fork:crates/docx-edit/tests/resolve_corpus.rs::range_accept_resolves_a_suggested_replace ; save@matrix:docx-review-all ; collab@matrix:docx-review-all ¦ Suggesting mode (tracking one's own changes) is off by decision (2026-09-29); the engine keeps it unused. ¦
docx.edit.headers ¦ Structure and objects ¦ Edit headers and footers, insert page numbers ¦ P1 ¦ - ¦ Y ¦ U ¦ - ¦ ¦ ¦ edit@fork:packages/docx-react/src/components/DocxEditor/hooks/useHeaderFooterEditing.test.ts::double-clicking the header ¦ Double-click opens a header or footer; its Options menu inserts PAGE and NUMPAGES. ¦
docx.edit.page_setup ¦ Structure and objects ¦ Page setup: margins, orientation, paper size ¦ P1 ¦ - ¦ Y ¦ U ¦ - ¦ ¦ ¦ edit@fork:packages/docx-react/src/components/DocxEditor/hooks/usePageSetupControls.test.ts::page setup keeps ¦ ¦
docx.edit.breaks ¦ Structure and objects ¦ Page and section breaks (next page, continuous) ¦ P1 ¦ - ¦ Y ¦ Y ¦ Y ¦ ¦ ¦ edit@fork:packages/docx-react/src/components/DocxEditor/yrsCommands.pageBreak.test.ts ; save@fork:shared/docx-page-breaks.test.ts ; collab@matrix:docx-breaks ¦ todo-office.md (unverified, maybe a harness artefact): a toolbar section break may not reach the saved file. Page breaks are offered only in the body, as in Word. ¦
docx.edit.toc ¦ Structure and objects ¦ Table of contents: insert and update ¦ P1 ¦ - ¦ P ¦ Y ¦ Y ¦ 4 ¦ M ¦ edit@fork:packages/docx-react/src/components/DocxEditor/tableOfContents.test.tsx::Insert table of contents writes Word field ; edit@capy:e2e/editor/biology-office.spec.ts::DOCX Insert table of contents ; save@matrix:docx-toc ; collab@matrix:docx-toc ¦ Word's References › Table of Contents gallery wraps the field in a content control, which is not read, so Update is not offered for most Word-made tables and Insert adds a second one; headings in table cells and content controls are not listed (todo-office.md). Theses usually use the gallery. ¦ Read TOC fields and headings inside block content controls and table cells.
docx.edit.other_refs ¦ Structure and objects ¦ Bookmarks, cross-references, captions, citations, insert footnote ¦ P2 ¦ - ¦ N ¦ Y ¦ - ¦ 2 ¦ L ¦ save@fork:crates/docx-edit/tests/op_corpus.rs::seeded_bookmarks_follow_typing_splits_joins_and_remote_typing ¦ Existing bookmarks and fields are kept and follow edits; none can be inserted. ¦ Insert footnote first (students), captions and cross-references later.
docx.edit.controls ¦ Structure and objects ¦ Fill in content controls (check boxes, drop-downs, date pickers) ¦ P2 ¦ - ¦ U ¦ - ¦ - ¦ ¦ ¦ code:fork:crates/docx-edit/src/ops/embed.rs ¦ Typing inside a control works as text (inferred); toggling a check box or picking from a list or date picker was not found. ¦
docx.save.untouched ¦ Save and round trip ¦ Untouched parts stay byte-identical; unknown markup survives ¦ P0 ¦ - ¦ - ¦ Y ¦ - ¦ ¦ ¦ fork:crates/betteroffice-docx/tests/fidelity.rs::an_unedited_round_trip_passes_both_oracles ; fork:crates/betteroffice-docx/tests/corpus.rs::every_fixture_round_trips ; fork:crates/betteroffice-docx/tests/fidelity.rs::an_unknown_element_in_a_table_cell_survives ¦ The DOCX corpus holds two generated fixtures, both with zero pinned findings. ¦
docx.save.edited ¦ Save and round trip ¦ Edited documents save as Word writes them, losing nothing beyond the edit ¦ P0 ¦ - ¦ - ¦ P ¦ - ¦ 4 ¦ M ¦ fork:crates/betteroffice-docx/tests/fidelity.rs::an_edited_round_trip_loses_nothing_beyond_its_footprint ; fork:packages/docx/src/yrs/paraIdSave.test.ts ; fork:shared/docx-formatting.test.ts::DOCX paragraph edits and run font hints survive two publications ¦ Known losses (todo-office.md): style run formatting written as direct formatting on saved runs; a vMerge continuation cell takes its restart cell's w:tcPr. No file Capy saved has been opened in Word for a repair prompt on this pin. ¦ Fix the two losses; open a set of Capy-saved files in Word (manual, Epo's machine) and record the result.
docx.save.opaque ¦ Save and round trip ¦ Objects the editor cannot draw (w:pict, w:object, AlternateContent, embedded workbooks) survive editing ¦ P0 ¦ - ¦ - ¦ Y ¦ - ¦ ¦ ¦ fork:packages/docx/src/yrs/fidelitySave.test.ts::preserves opaque blocks ; capy:e2e/uat/journeys/richContent.spec.ts::rich-content ¦ ¦
docx.save.download ¦ Save and round trip ¦ Download as Word with the saved edits; print ¦ P0 ¦ - ¦ Y ¦ Y ¦ - ¦ ¦ ¦ capy:e2e/uat/journeys/files.spec.ts::browser upload, collaboration, durable export ; capy:src/office-runtime/exportCheckpoint.test.ts::exports the saved checkpoint ¦ PDF export goes through the browser's print dialog. ¦
docx.collab.coediting ¦ Collaboration ¦ Two people editing at once converge (typing, splits, joins, structure) ¦ P0 ¦ - ¦ - ¦ - ¦ Y ¦ ¦ ¦ fork:crates/docx-edit/tests/op_corpus.rs::concurrent_mid_splits_leave_every_peer_the_same_distinct_ids ; fork:crates/docx-edit/src/lib.rs::split_merge_are_clean_sequence_ops_under_concurrency ; capy:e2e/uat/journeys/richContent.spec.ts::two editors ¦ Accepted cases: concurrent joins of a just-split field may duplicate it; two peers on one table's rows keep one change (human/frontend/office-files.md). ¦
docx.collab.presence ¦ Collaboration ¦ See where co-editors are (live cursors and selections) ¦ P1 ¦ - ¦ - ¦ - ¦ N ¦ 4 ¦ M ¦ fork:packages/docx/src/collaboration/awareness.test.ts ; fork:packages/docx-react/src/components/DocxEditor/overlays/remotePresenceGeometry.test.ts ; code:capy:src/office-runtime/officeCollaboration.ts ¦ The fork draws remote cursors, but Capy's Office bridge carries document updates only (officeCollaboration.ts has no awareness), so co-editors of an Office file cannot see each other; notes show cursors. The Rust collaboration server already keeps and relays awareness per room (collaboration-rs room.rs on capy-side/rust-core), so the gap is the host-to-runtime relay and the editors' hookup. ¦ Relay awareness between the host provider and the runtime frame for DOCX, XLSX and PPTX, with names and colours as in notes.
docx.collab.rebase ¦ Collaboration ¦ Edits saved during a publication land exactly or refuse, never silently change ¦ P1 ¦ - ¦ - ¦ - ¦ Y ¦ ¦ ¦ matrix:docx-breaks ; matrix:docx-comments-breaks ; matrix:docx-fields ; matrix:docx-review-all ; matrix:docx-toc ; capy:e2e/uat/journeys/officeRefusal.spec.ts::docx refusal ¦ No silent row in the five matrices (see Summary). ¦
docx.collab.recovery ¦ Collaboration ¦ A refused or failed save keeps the edits copyable until Reload; offline drafts ¦ P1 ¦ - ¦ - ¦ - ¦ Y ¦ ¦ ¦ capy:e2e/editor/scenario-journeys.spec.ts::a refused DOCX save keeps the edit copyable until Reload ¦ ¦
