# PPTX parity checklist: one row per feature a student or teacher meets, compared with Google Slides (Office for view and save fidelity).
# Cells are separated by ¦ (U+00A6). Status per aspect: Y works and a cited test shows it, P partial, N missing, U believed to work but no test yet, - not applicable.
# Evidence, joined by " ; ", each optionally scoped to one aspect as view@, edit@, save@ or collab@: fork:<path>::<part of a test name>,
# capy:<path>::<part of a test name>, matrix:<DOCX matrix generator>, code:fork:<path> or code:capy:<path>, doc:<Capy path>. Only fork:, capy: and matrix: count as tests.
# Check and regenerate: python3 bench/parity/scripts/parity.py [--check] (bench/README.md, parity).
id ¦ area ¦ feature ¦ prio ¦ view ¦ edit ¦ save ¦ collab ¦ impact ¦ effort ¦ evidence ¦ notes ¦ todo
pptx.view.slides ¦ Open and display ¦ Slides with masters, layouts, themes, backgrounds and colour maps ¦ P0 ¦ Y ¦ - ¦ - ¦ - ¦ 4 ¦ S ¦ fork:crates/betteroffice-pptx/tests/render.rs::renders_every_slide_of_the_demo_deck ; fork:crates/pptx-render/tests/theme_styles.rs ; fork:crates/pptx-render/tests/color_map.rs::an_inverted_master_colour_map ; fork:crates/pptx-render/tests/list_styles.rs::list_styles_cascade ¦ Upstream measured SSIM 0.892 on 103 public decks at upstream e8ce123f, which capy-ci does not contain; nothing has measured this pin. ¦
pptx.view.text ¦ Open and display ¦ Text: fonts, bullets and numbering, autofit, vertical and rotated text, East Asian vertical writing ¦ P0 ¦ Y ¦ - ¦ - ¦ - ¦ ¦ ¦ fork:crates/pptx-render/tests/autofit_font_size.rs ; fork:crates/pptx-render/tests/text_orientation.rs ; fork:crates/pptx-render/tests/vertical_writing_modes.rs ; fork:crates/pptx-render/tests/autonumber.rs ; fork:crates/pptx-render/tests/symbol_bullets.rs ¦ ¦
pptx.view.fonts ¦ Open and display ¦ Fonts embedded in the deck (Google Slides and PowerPoint exports) ¦ P1 ¦ Y ¦ - ¦ Y ¦ - ¦ ¦ ¦ view@fork:crates/pptx-render/tests/embedded_fonts.rs ; view@fork:crates/betteroffice-pptx/tests/render.rs::the_png_export_draws_with_the_embedded_face ; save@fork:crates/pptx-edit/tests/save.rs::embedded_font_parts_and_their_list_survive ¦ Checked on Google Slides exports; no PowerPoint-saved deck embedding a font has been opened (todo-office.md). ¦
pptx.view.shapes ¦ Open and display ¦ Shapes: preset and custom geometry, connectors, groups, gradient, picture and pattern fills, lines, shadows ¦ P0 ¦ Y ¦ - ¦ - ¦ - ¦ ¦ ¦ fork:crates/pptx-render/tests/preset_geometry.rs ; fork:crates/pptx-render/tests/custom_geometry.rs ; fork:crates/pptx-render/tests/group_fill.rs ; fork:crates/pptx-render/tests/outer_shadow.rs ; fork:packages/pptx/src/render/canvas.test.ts::follows the first and last segments of a bent connector ¦ Reflection, glow, soft edges and 3-D effects were not checked. ¦
pptx.view.pictures ¦ Open and display ¦ Pictures: crop, colour effects, EMF and WMF metafiles, TIFF ¦ P0 ¦ Y ¦ - ¦ - ¦ - ¦ ¦ ¦ fork:crates/pptx-render/tests/metafile_pictures.rs ; fork:crates/pptx-render/src/image_effects.rs::effects_preserve_order ; fork:packages/pptx/src/render/image.test.ts::transcodes TIFF media ; fork:crates/pptx-raster/tests/golden.rs::golden_picture_shadow ¦ ¦
pptx.view.tables ¦ Open and display ¦ Tables with table styles; editing cell text and table structure ¦ P0 ¦ Y ¦ P ¦ Y ¦ U ¦ 3 ¦ M ¦ view@fork:crates/pptx-render/tests/table_graphic_frame.rs ; view@fork:crates/pptx-parse/tests/table_styles.rs ; edit@fork:crates/pptx-edit/tests/table_cells.rs::editing_a_cell_leaves_its_cell_properties_in_place ; save@fork:crates/pptx-edit/tests/save.rs::a_table_cell_edit_survives_reopen ¦ Cell text can be edited; no inserting a table, rows or columns, merging or styling cells, and Tab in a cell leaves the editor (no cell navigation). ¦ Insert table, row and column operations, Tab between cells.
pptx.view.charts ¦ Open and display ¦ Charts ¦ P1 ¦ Y ¦ N ¦ U ¦ - ¦ 2 ¦ L ¦ view@fork:crates/pptx-render/src/chart.rs::every_parsed_chart_type_plots_into_primitives ; view@fork:crates/pptx-raster/tests/golden.rs::golden_chart ; view@fork:crates/pptx-render/tests/chart_legend.rs ¦ No chart editing; a chart on an edited slide is kept as source XML (inferred). ¦ Chart data editing, later.
pptx.view.smartart ¦ Open and display ¦ SmartArt diagrams ¦ P0 ¦ N ¦ N ¦ U ¦ - ¦ 4 ¦ M ¦ code:fork:crates/pptx-render/src/layout.rs ¦ A SmartArt frame is drawn as a placeholder labelled "Diagram" (layout.rs, graphic_label and Primitive::Placeholder): its content is not shown. PowerPoint stores a cached drawing for every SmartArt (ppt/diagrams/drawingN.xml), which the DOCX side already draws from (docx-parse smart_art.rs). Lecture decks use SmartArt often. ¦ Draw PPTX SmartArt from its cached drawing part, reusing the DOCX cached-scene code.
pptx.view.equations ¦ Open and display ¦ Equations ¦ P1 ¦ U ¦ N ¦ U ¦ - ¦ 3 ¦ L ¦ view@fork:crates/pptx-render/tests/alternate_content.rs::a_fallback_shape_in_the_tree ¦ PowerPoint wraps an equation in mc:AlternateContent with a picture fallback, which the renderer draws; not checked with a real equation. ¦ Check a PowerPoint deck with equations; editing equations comes with the DOCX equation work.
pptx.view.media ¦ Open and display ¦ Audio and video ¦ P1 ¦ P ¦ N ¦ U ¦ - ¦ 3 ¦ M ¦ view@fork:crates/pptx-render/src/layout.rs::media_that_is_not_a_metafile_still_becomes_an_image ¦ The poster frame shows as a picture; nothing plays, in the editor or while presenting. ¦ Play embedded and linked video and audio (browser media elements) in the editor and while presenting.
pptx.view.animations ¦ Open and display ¦ Slide transitions and animations ¦ P1 ¦ N ¦ N ¦ U ¦ - ¦ 4 ¦ L ¦ ¦ Not parsed (nothing reads p:transition or p:timing): a show cuts between slides and every build appears at once. The markup stays on untouched slides (byte-identical) and, by the span-patch design, on edited ones (inferred). ¦ Play transitions and entrance builds (by paragraph, on click) while presenting; editing them later.
pptx.view.links ¦ Open and display ¦ Hyperlinks in slides ¦ P1 ¦ N ¦ N ¦ Y ¦ - ¦ 3 ¦ M ¦ save@fork:crates/pptx-edit/tests/write_fidelity.rs::an_edit_before_a_hyperlink_keeps_links_fields_and_theme_colours ¦ Link targets are kept, but pptx-render has no hyperlink handling, so link text lacks the theme's link colour and underline (inferred) and nothing is clickable while presenting; no link editing (pptx-parity GAP.md). ¦ Draw links in the theme's link style, follow them while presenting (new tab, slide jumps), add Insert › Link.
pptx.view.notes ¦ Open and display ¦ Speaker notes: show, hide, edit ¦ P0 ¦ Y ¦ Y ¦ Y ¦ P ¦ 2 ¦ M ¦ view@fork:packages/pptx-react/src/PptxEditor.commands.test.tsx::hides speaker notes until ; view@capy:e2e/editor/biology-office.spec.ts::PPTX speaker notes start hidden ; edit@fork:crates/pptx-edit/tests/write_fidelity.rs::setting_notes_patches_an_existing_notes_part_in_place ; save@fork:crates/pptx-edit/tests/write_fidelity.rs::notes_roundtrip_xml_sensitive_text ; code:fork:crates/pptx-edit/src/deck.rs ¦ Notes are plain text: each edit writes the whole text as one value (set_slide_notes), so two people typing in one slide's notes overwrite each other and notes formatting is lost on edit. ¦ Make notes a text story that merges per character, as slide text does.
pptx.view.comments ¦ Open and display ¦ Comments ¦ P1 ¦ N ¦ N ¦ Y ¦ Y ¦ 3 ¦ M ¦ save@fork:crates/pptx-edit/tests/comments.rs::resolving_a_source_comment_changes_only_its_status_bytes ; save@capy:e2e/uat/journeys/richContent.spec.ts::rich-content ; collab@fork:crates/pptx-edit/tests/convergence.rs::two_sessions_converge_after_comment_edits ¦ Kept and modelled (pptx:comments, decided 2026-09-25), but Capy shows none; the UI waits for a mock (decided 2026-10-05). ¦ PPTX comments UI from a mock, on the existing model.
pptx.view.copy ¦ Open and display ¦ View mode: select and copy slide and notes text ¦ P2 ¦ Y ¦ - ¦ - ¦ - ¦ ¦ ¦ fork:packages/pptx-react/src/PptxEditor.test.tsx::copies a clicked shape's text ; fork:packages/pptx-react/src/clipboard.test.ts ¦ ¦
pptx.view.zoom ¦ Open and display ¦ Zoom (Fit, 50–200%) in both modes ¦ P2 ¦ Y ¦ - ¦ - ¦ - ¦ ¦ ¦ capy:src/office-runtime/pptxMenus.test.ts::ticks the zoom in both modes ; capy:e2e/editor/biology-office.spec.ts::zoom carries across View and Edit ¦ ¦
pptx.present.show ¦ Present ¦ Present full screen from the current slide or the start; keys and clicks advance ¦ P0 ¦ Y ¦ - ¦ - ¦ - ¦ ¦ ¦ capy:e2e/editor/biology-office.spec.ts::PPTX Present fills the screen ; fork:packages/pptx-react/src/components/PresentationOverlay.test.tsx::clamps navigation ¦ Firefox and Safari start windowed with a Full screen button (no capability delegation); transitions, builds and media do not play (see those rows). ¦
pptx.present.presenter ¦ Present ¦ Presenter view: notes window, next slide, timer ¦ P1 ¦ Y ¦ - ¦ - ¦ - ¦ ¦ ¦ fork:packages/pptx-react/src/components/PresenterView.test.tsx::draws Presenter view in the notes window ; capy:e2e/editor/biology-office.spec.ts::Presenter view drives the show ¦ Firefox, Safari and iPad are unchecked (todo-office.md). ¦
pptx.present.tools ¦ Present ¦ Presenting tools: pen, laser pointer, black screen, typing a slide number ¦ P2 ¦ N ¦ - ¦ - ¦ - ¦ 2 ¦ M ¦ ¦ Not built (decided 2026-10-06: nothing else yet). ¦ Pen, laser and black screen when asked for.
pptx.edit.text ¦ Editing ¦ Edit slide text: typing, selection, IME, Enter and Backspace keep paragraph properties ¦ P0 ¦ - ¦ Y ¦ Y ¦ Y ¦ ¦ ¦ edit@fork:packages/pptx-react/src/PptxEditor.paragraphRange.test.tsx::types, pastes, deletes, splits and composes ; edit@fork:packages/pptx-react/src/PptxEditor.paragraphRange.test.tsx::restores the paragraph and the saved slide exactly ; save@fork:crates/pptx-edit/tests/save.rs::inserted_text_survives_reopen ; collab@fork:crates/pptx-edit/tests/convergence.rs::two_sessions_converge_after_text_slide_and_shape_edits ; capy:e2e/uat/journeys/richContent.spec.ts::rich-content ¦ ¦
pptx.edit.character ¦ Editing ¦ Font, size, bold, italic, underline, strikethrough, superscript, subscript, colour, highlight, clear formatting ¦ P0 ¦ - ¦ P ¦ Y ¦ Y ¦ 3 ¦ S ¦ edit@fork:packages/pptx-react/src/textFormatting.test.ts::reads strikethrough, highlight and script ; edit@fork:packages/pptx-react/src/PptxEditor.paragraphs.test.tsx::runs the Google Slides shortcuts ; save@fork:crates/pptx-edit/tests/paragraph_lists.rs::strikethrough_and_highlight_round_trip ; save@fork:crates/pptx-edit/tests/run_baseline.rs::baseline_formatting_round_trips ; collab@fork:crates/pptx-edit/tests/paragraph_lists.rs::clearing_formatting_races_a_peers_highlight_and_typing ¦ Typed text where the run inherits its size from the placeholder gets an explicit 24 pt (todo-office.md, pre-existing). ¦ Keep the inherited size for typed text.
pptx.edit.paragraph ¦ Editing ¦ Alignment (horizontal and vertical), line and paragraph spacing, bullets and numbering with styles, indent levels, Google Slides list keys ¦ P0 ¦ - ¦ Y ¦ Y ¦ Y ¦ ¦ ¦ edit@fork:packages/pptx-react/src/PptxEditor.paragraphs.test.tsx::toggles a list, picks a style ; edit@fork:packages/pptx-react/src/PptxEditor.paragraphs.test.tsx::ends the list on Enter in an empty item ; save@fork:crates/pptx-edit/tests/paragraph_lists.rs::bulleting_a_text_box_writes_powerpoint_list_markup ; save@fork:crates/pptx-edit/tests/paragraph_lists.rs::line_and_paragraph_spacing_round_trip ; collab@fork:crates/pptx-edit/tests/paragraph_lists.rs::a_list_and_a_concurrent_split_converge ; collab@fork:crates/pptx-edit/tests/paragraph_lists.rs::spacing_races_a_split ¦ A split racing a peer's list, indent or spacing change keeps the first half's old properties (accepted 2026-10-06). ¦
pptx.edit.objects ¦ Editing ¦ Insert text box, picture (Capy's file picker) and shapes; move and resize; delete ¦ P0 ¦ - ¦ Y ¦ Y ¦ Y ¦ ¦ ¦ edit@fork:packages/pptx-react/src/PptxEditor.commands.test.tsx::inserts a host-picked image ; edit@fork:packages/pptx-react/src/components/Toolbar.test.tsx::arms a preset shape placement tool ; edit@fork:packages/pptx-react/src/interactions.test.ts::converts a drag into the shape box ; save@fork:crates/pptx-edit/tests/write_fidelity.rs::an_added_picture_mints_its_media_part ; save@fork:crates/pptx-edit/tests/shape_ops.rs::set_shape_rect_is_one_update_and_one_undo_step ; collab@fork:crates/pptx-edit/tests/convergence.rs::undo_of_a_concurrent_move_keeps_the_shape_placed ¦ A shape rotated by 90° offers no resize (interactions test). ¦
pptx.edit.arrange ¦ Editing ¦ Order, align, distribute, center on page; selecting several objects ¦ P1 ¦ - ¦ P ¦ Y ¦ - ¦ 3 ¦ M ¦ edit@fork:packages/pptx-react/src/PptxEditor.paragraphs.test.tsx::aligns, centres and distributes the selected objects ; edit@fork:packages/pptx-react/src/components/Toolbar.test.tsx::emits a z-order action ; save@fork:crates/pptx-edit/tests/write_fidelity.rs::shape_z_order_operations_reorder ¦ Several objects can be selected only through Select all (no Shift-click or marquee); z-order and formatting apply to one object. ¦ Shift-click and marquee selection, with group move, delete and formatting.
pptx.edit.transform ¦ Editing ¦ Rotate and flip, group and ungroup, duplicate, copy and paste objects ¦ P0 ¦ - ¦ N ¦ - ¦ - ¦ 4 ¦ M ¦ ¦ No rotation handle or flip, no group or ungroup, no Ctrl+D; copying objects puts only their text on the clipboard. Listed as the next PPTX gaps (pptx-parity GAP.md, todo-office.md). ¦ Duplicate and copy/paste objects first (an XML clone of the source shape), then rotate and flip (transform write), then group.
pptx.edit.shape_format ¦ Editing ¦ Fill, border colour, border weight, shape adjustment, border dash, effects ¦ P1 ¦ - ¦ P ¦ Y ¦ - ¦ 2 ¦ S ¦ edit@fork:packages/pptx-react/src/components/Toolbar.test.tsx::emits fill, border, width, and corner-radius actions ; save@fork:crates/pptx-edit/tests/save.rs::fill_and_stroke_survive_reopen ¦ No border dash, shadow or other effects in the editor. ¦ Border dash (a small engine op).
pptx.edit.slides ¦ Editing ¦ New slide (with a layout), delete and move slides ¦ P0 ¦ - ¦ Y ¦ Y ¦ Y ¦ ¦ ¦ edit@fork:packages/pptx-react/src/PptxEditor.commands.test.tsx::deletes and moves the current slide ; save@fork:crates/pptx-edit/tests/write_fidelity.rs::notes_follow_inserted_and_reordered_slides ; collab@fork:crates/pptx-edit/tests/convergence.rs::a_slide_deleted_while_a_peer_moves_it_stays_deleted ¦ ¦
pptx.edit.slide_more ¦ Editing ¦ Duplicate slide, skip slide, change layout, background, theme ¦ P0 ¦ - ¦ N ¦ - ¦ - ¦ 4 ¦ M ¦ ¦ None of these exist (pptx-parity GAP.md: slide clone and master editing are engine tracks). Duplicating a slide is an everyday step when building a deck. ¦ Duplicate slide first (clone with its parts and notes), then skip slide and change layout.
pptx.edit.clipboard ¦ Editing ¦ Copy, cut and paste text ¦ P0 ¦ - ¦ P ¦ - ¦ - ¦ 4 ¦ M ¦ edit@fork:packages/pptx-react/src/clipboard.test.ts::copies a range across runs and paragraphs as text and escaped HTML ; edit@fork:packages/pptx-react/src/PptxEditor.test.tsx::persists paste ¦ Copy writes text and HTML (bold, italic, underline); paste is plain text; cut is off by decision (2026-10-04). ¦ Rich paste (HTML), and revisit cut with the shortcut map.
pptx.edit.find ¦ Editing ¦ Find and replace ¦ P1 ¦ - ¦ N ¦ - ¦ - ¦ 3 ¦ S ¦ fork:crates/pptx-edit/src/search.rs::searches_nested_group_shapes ¦ The engine searches and replaces text; there is no find bar. ¦ Find bar over the engine's search and replace.
pptx.edit.undo ¦ Editing ¦ Undo and redo of one's own edits ¦ P0 ¦ - ¦ Y ¦ - ¦ Y ¦ ¦ ¦ edit@fork:crates/pptx-edit/tests/shape_ops.rs::set_shape_rect_is_one_update_and_one_undo_step ; collab@fork:crates/pptx-edit/tests/convergence.rs::undo_reverts_only_local_origin_and_preserves_remote_text ; collab@fork:crates/pptx-edit/tests/yrs_undo_order.rs ¦ Patched yrs Undo rules (decided 2026-10-08). ¦
pptx.edit.spelling ¦ Editing ¦ Spelling marks ¦ P1 ¦ - ¦ N ¦ - ¦ - ¦ 3 ¦ L ¦ code:fork:packages/pptx-react/src/PptxEditor.tsx ¦ Slide text is painted on a canvas, so the browser checker has nothing visible to underline (inferred, not checked in a browser). ¦ Shared with the DOCX spell-check work.
pptx.save.untouched ¦ Save and round trip ¦ Untouched slides and parts stay byte-identical (tables, comments, notes, media, connectors, links) ¦ P0 ¦ - ¦ - ¦ Y ¦ - ¦ ¦ ¦ capy:e2e/uat/journeys/richContent.spec.ts::rich-content ; fork:crates/pptx-edit/tests/save.rs::an_unedited_deck_numbered_from_ten_saves_part_identical ; fork:crates/pptx-edit/tests/alternate_content.rs::a_save_without_edits_leaves_the_alternate_content_untouched ¦ ¦
pptx.save.edited ¦ Save and round trip ¦ Edited slides keep untouched spans and write PowerPoint's markup ¦ P0 ¦ - ¦ - ¦ Y ¦ - ¦ ¦ ¦ fork:crates/pptx-edit/tests/write_fidelity.rs::an_edit_inside_a_raised_run_keeps_its_baseline ; fork:crates/pptx-edit/tests/write_fidelity.rs::a_moved_inherited_placeholder_keeps_its_rect_rotation_and_flip ¦ No Capy-saved deck has been opened in PowerPoint on this pin (the pptx-parity track checked markup only). ¦
pptx.save.download ¦ Save and round trip ¦ Download as PowerPoint, PNG of a slide, print ¦ P0 ¦ - ¦ Y ¦ Y ¦ - ¦ ¦ ¦ capy:e2e/uat/journeys/files.spec.ts::browser upload, collaboration, durable export ; capy:src/office-runtime/pptxMenus.test.ts::offers only working items in view mode ¦ ¦
pptx.collab.coediting ¦ Collaboration ¦ Two people editing slides at once converge ¦ P0 ¦ - ¦ - ¦ - ¦ Y ¦ ¦ ¦ fork:crates/pptx-edit/tests/convergence.rs::two_sessions_converge_after_text_slide_and_shape_edits ; fork:crates/pptx-edit/tests/convergence.rs::a_slide_deleted_while_a_peer_moves_it_stays_deleted ; capy:e2e/uat/journeys/richContent.spec.ts::two editors ¦ PPTX override seeds (rooms hold only touched entries) are designed and built after the Rust cutover. ¦
pptx.collab.presence ¦ Collaboration ¦ See co-editors (which slide, which shape) ¦ P1 ¦ - ¦ - ¦ - ¦ N ¦ 4 ¦ M ¦ fork:packages/pptx-react/src/presence-rendering.test.ts::merges peers on one shape ; code:capy:src/office-runtime/officeCollaboration.ts ¦ pptx-react draws peers, but Capy's Office bridge carries no awareness, so co-editors are invisible. The Rust collaboration server already keeps and relays awareness per room (collaboration-rs room.rs on capy-side/rust-core), so the gap is the host-to-runtime relay and the editors' hookup. ¦ Same fix as DOCX: relay awareness for all three formats.
