# XLSX parity checklist: one row per feature a student or teacher meets, compared with Google Sheets (Office for view and save fidelity).
# Cells are separated by ¦ (U+00A6). Status per aspect: Y works and a cited test shows it, P partial, N missing, U believed to work but no test yet, - not applicable.
# Evidence, joined by " ; ", each optionally scoped to one aspect as view@, edit@, save@ or collab@: fork:<path>::<part of a test name>,
# capy:<path>::<part of a test name>, matrix:<DOCX matrix generator>, code:fork:<path> or code:capy:<path>, doc:<Capy path>. Only fork:, capy: and matrix: count as tests.
# Check and regenerate: python3 bench/parity/scripts/parity.py [--check] (bench/README.md, parity).
id ¦ area ¦ feature ¦ prio ¦ view ¦ edit ¦ save ¦ collab ¦ impact ¦ effort ¦ evidence ¦ notes ¦ todo
xlsx.view.grid ¦ Open and display ¦ Cells: fonts, fills, borders, alignment, wrapping, merged cells, row and column sizes, hidden rows and columns ¦ P0 ¦ Y ¦ - ¦ - ¦ - ¦ 4 ¦ S ¦ fork:crates/xlsx-raster/tests/golden.rs::golden_styled ; fork:crates/xlsx-parse/src/tests.rs::hidden_rows_and_columns_have_zero_render_extent ; fork:crates/betteroffice-xlsx/tests/print_render.rs::stored_column_width_includes_padding ; fork:crates/xlsx-render/src/lib.rs::text_spills_over_blank_neighbours ¦ Upstream's benchmark measured SSIM 0.766 on 207 of 208 public workbooks at upstream e8ce123f, which capy-ci does not contain; nothing has measured this pin. ¦
xlsx.view.numfmt ¦ Open and display ¦ Number formats: dates and times, percentages, currency, fractions, conditions and colours in format codes, 1904 dates ¦ P0 ¦ Y ¦ Y ¦ Y ¦ - ¦ ¦ ¦ view@fork:crates/xlsx-model/src/numfmt/tests.rs::builtin_date_renders ; view@fork:crates/xlsx-model/src/numfmt/tests.rs::conditions_override_selection ; view@fork:crates/xlsx-parse/src/tests.rs::honors_1904_date_system ; edit@fork:crates/xlsx-ops/tests/integration.rs::range_style_and_number_format_are_undoable ; save@fork:crates/xlsx-ops/tests/integration.rs::range_style_and_number_format_are_undoable ¦ The toolbar offers a fixed list of number formats; Capy hides the custom format item (it only reapplied the current pattern). ¦
xlsx.view.conditional ¦ Open and display ¦ Conditional formatting (colour rules, data bars, colour scales, icon sets) ¦ P0 ¦ N ¦ N ¦ P ¦ - ¦ 5 ¦ L ¦ save@fork:crates/betteroffice-xlsx/tests/workbook.rs::save_preserves_unmodeled_package_parts_and_sheet_fragments ; save@fork:crates/betteroffice-xlsx/tests/workbook.rs::row_insertion_preserves_unmodeled_ranges ¦ Not modelled and not drawn: a gradebook's red/green marks and colour scales do not show. The rules are kept on save, but a row or column insert leaves their ranges where they were (the test asserts the unshifted sqref), so after an insert they colour the wrong cells in Excel. ¦ Model and draw conditional formatting (cell rules first, then colour scales and data bars), and move preserved ranges (conditional formatting, data validation, autofilter) with structural edits.
xlsx.view.validation ¦ Open and display ¦ Data validation: drop-down lists and input rules ¦ P1 ¦ N ¦ N ¦ P ¦ - ¦ 4 ¦ M ¦ save@fork:crates/betteroffice-xlsx/tests/workbook.rs::row_insertion_preserves_unmodeled_ranges ¦ No drop-down arrow, no list to pick from, no rejection of invalid input; kept on save with the same unshifted-range problem after inserts. ¦ Read validation rules; offer the drop-down list on a cell and refuse values outside the rule; move ranges with structural edits.
xlsx.view.notes ¦ Open and display ¦ Cell notes and comments (threaded comments) ¦ P1 ¦ N ¦ N ¦ U ¦ - ¦ 4 ¦ M ¦ code:fork:crates/xlsx-parse/src/write.rs ¦ No comment indicator, no popup, no way to add one; the comment parts are package parts the save keeps (inferred from the preservation tests, not tested for comments specifically). ¦ Show note indicators and popups; add, edit and delete notes, Google Sheets style.
xlsx.view.pictures ¦ Open and display ¦ Pictures placed on a sheet ¦ P1 ¦ N ¦ N ¦ U ¦ - ¦ 3 ¦ M ¦ code:fork:crates/xlsx-render/src/display_list.rs ¦ The display list has no image command (FillRect, Line, Path, Text only) and the canvas renderer never draws an image, so logos and photos on a sheet are invisible; the parts are kept on save (inferred). ¦ Add a picture command to the XLSX display list and draw the anchored images (the engine already reads them for the agent projection).
xlsx.view.charts ¦ Open and display ¦ Charts ¦ P1 ¦ Y ¦ P ¦ Y ¦ Y ¦ 2 ¦ L ¦ view@fork:crates/betteroffice-xlsx/tests/chart_render.rs::fixture_covers_anchor_families ; view@fork:crates/xlsx-render/src/chart.rs::unsupported_families_are_not_substituted ; edit@fork:packages/xlsx-react/src/XlsxEditor.test.tsx::drags a selected chart and repins it ; save@fork:crates/betteroffice-xlsx/tests/workbook.rs::chart_references_and_anchor_follow_a_row_insert ; collab@fork:packages/xlsx/src/wasm/collaboration.test.ts::drags a chart in a collaborative session ¦ Charts are drawn (unsupported types become placeholders), can be moved, and their references follow row and column inserts; no inserting or editing charts. ¦ Insert chart from a selection and edit its type, title and series (Google Sheets' chart editor), later.
xlsx.view.freeze ¦ Open and display ¦ Frozen rows and columns ¦ P0 ¦ Y ¦ Y ¦ Y ¦ U ¦ ¦ ¦ view@fork:crates/betteroffice-xlsx/tests/workbook.rs::frozen_panes_survive_the_facade ; view@fork:crates/xlsx-render/src/lib.rs::frozen_tracks_stay_pinned ; edit@fork:packages/xlsx-react/src/XlsxEditor.test.tsx::freezes rows and columns ; save@fork:crates/xlsx-parse/src/tests.rs::parses_and_round_trips_frozen_sheet_views ¦ View › Freeze ▸ rows and columns. ¦
xlsx.view.links ¦ Open and display ¦ Hyperlinks (open on click; cross-sheet links) ¦ P1 ¦ Y ¦ N ¦ Y ¦ - ¦ 2 ¦ S ¦ view@fork:crates/betteroffice-xlsx/tests/workbook.rs::hyperlinks_survive_the_facade_and_reach_the_display_list ; view@fork:packages/xlsx/src/hyperlinks/index.test.ts::allows browser-safe external protocols ; save@fork:crates/betteroffice-xlsx/tests/workbook.rs::combined_hyperlink_location_remaps_and_round_trips ¦ Links show and open; there is no command to add or edit one (the SetHyperlinks op exists). ¦ Insert › Link and edit/remove on a cell, through the existing op.
xlsx.view.tables ¦ Open and display ¦ Formatted tables (ListObjects) and structured references ¦ P1 ¦ P ¦ N ¦ Y ¦ - ¦ 2 ¦ M ¦ view@fork:crates/xlsx-calc/tests/table_references.rs::resolves_bands_and_columns_as_areas ; save@fork:crates/betteroffice-xlsx/tests/workbook.rs::save_preserves_unmodeled_package_parts ¦ Structured references calculate; whether table styles (banded rows) are drawn was not checked; no creating tables, no totals row or filter buttons. ¦ Draw table styles and header buttons; convert a range to a table.
xlsx.view.filters ¦ Open and display ¦ Filters (autofilter buttons, filtered rows, filter views) ¦ P1 ¦ N ¦ N ¦ P ¦ - ¦ 4 ¦ M ¦ save@fork:crates/betteroffice-xlsx/tests/workbook.rs::row_insertion_preserves_unmodeled_ranges ¦ No filter buttons and no filtering; the autofilter range is kept but not moved by inserts. Rows a file saved as filtered-out are hidden rows, which display. ¦ Filter buttons with value and condition filters (per user, as Google Sheets' filter views, or shared as Excel's autofilter: needs a decision).
xlsx.view.pivot ¦ Open and display ¦ Pivot tables ¦ P2 ¦ P ¦ N ¦ Y ¦ - ¦ 1 ¦ XL ¦ save@fork:crates/betteroffice-xlsx/tests/workbook.rs::refuses_structural_ops_that_would_strand_pivot_references ¦ The pivot's cached cells display as ordinary cells; structural edits that would strand pivot references are refused; no pivot editing or refresh. ¦ Out of scope for students for now.
xlsx.view.print ¦ Open and display ¦ Print and PNG of the sheet ¦ P1 ¦ Y ¦ - ¦ - ¦ - ¦ ¦ ¦ capy:src/office-runtime/xlsxRender.test.ts::ends a printed page at the last track edge ; capy:src/office-runtime/xlsxMenus.test.ts::offers every editor command once, and Capy's save, download, PNG and print ¦ Print fits columns to the page width and stops at 50 pages; the file's print settings (areas, scaling, headers) are not used. ¦
xlsx.view.large ¦ Open and display ¦ Large sheets (50,000+ rows) open and scroll smoothly ¦ P1 ¦ P ¦ P ¦ - ¦ - ¦ 3 ¦ M ¦ fork:packages/xlsx/src/worker/client.test.ts::reads a drawn window past the engine range cap ; doc:openwiki/frontend/office-files.md ¦ The engine runs in a module worker (main-thread long tasks gone, 50k-row scroll 5 → 59 paints/s, per the xlsx-worker report); a 50,000-row open takes about 1.9 s longer in the worker (accepted); Firefox stops the scroll area ~150k rows short. ¦ Land xlsx-worker's review fixes and measure open time on the largest allowed sheet.
xlsx.calc.engine ¦ Formulas ¦ Formulas recalculate: about 215 functions, dynamic arrays and spills, LET and LAMBDA, defined names, cross-sheet references ¦ P0 ¦ Y ¦ Y ¦ Y ¦ Y ¦ ¦ ¦ fork:crates/xlsx-calc/tests/functions.rs::stats_functions ; fork:crates/xlsx-calc/tests/arrays.rs::an_array_formula_writes_its_whole_rectangle ; fork:crates/xlsx-calc/tests/arrays.rs::filter_keeps_the_rows_its_condition_selects ; fork:crates/betteroffice-xlsx/tests/workbook.rs::defined_names_survive_the_facade ; save@fork:crates/xlsx-parse/src/tests.rs::expands_shared_formulas_and_preserves_source_until_edited ; collab@fork:crates/betteroffice-xlsx/src/workbook/remote_equivalence.rs::local_edits_keep_spilled_values ; collab@fork:crates/betteroffice-xlsx/tests/workbook.rs::remote_formulas_recalculate_locally ; capy:e2e/uat/journeys/richContent.spec.ts::rich-content ¦ Upstream measured 99.60% agreement with Excel's results on its calculation corpus at upstream e8ce123f (not this pin). The rich-content journey checks COUNTIFS/AVERAGEIFS cross-sheet results after an edit. ¦
xlsx.calc.missing ¦ Formulas ¦ Common functions still missing ¦ P1 ¦ P ¦ P ¦ - ¦ - ¦ 3 ¦ M ¦ code:fork:crates/xlsx-calc/src/functions/mod.rs ¦ Not implemented (checked against the dispatch tables): RAND, RANDARRAY, GCD, LCM, FACT, COMBIN, PERMUT, NORM.INV, NORM.S.DIST, T.TEST, CHISQ.TEST, BINOM.DIST, PEARSON, RSQ, FORECAST, IRR, XIRR, RATE, IPMT, PPMT, SLN, DDB, N, T, TYPE, ISFORMULA, FIXED, DOLLAR, ROMAN, base conversions and others. Maths, statistics and business classes use these. ¦ Add the missing functions used in classes first, each checked against Excel's results (the Sheetpedia calculation benchmark); GridCraft's MIT/Apache function code could be a reference after checking it.
xlsx.calc.circular ¦ Formulas ¦ Circular references ¦ P2 ¦ Y ¦ - ¦ - ¦ Y ¦ ¦ ¦ fork:crates/xlsx-calc/src/engine.rs::cycle_zeros_cells_and_recovers_when_broken ; collab@fork:crates/betteroffice-xlsx/tests/stable_collaboration.rs::a_cycle_with_thousands_of_readers ¦ Only cells in a cycle are circular, as Excel (decided 2026-10-07); no iterative calculation setting. ¦
xlsx.edit.entry ¦ Editing ¦ Type into cells and the formula bar, Enter/Tab moves, F2, IME ¦ P0 ¦ - ¦ Y ¦ Y ¦ Y ¦ ¦ ¦ edit@fork:packages/xlsx/src/selection/keyboard.test.ts::a printable key starts editing ; edit@fork:packages/xlsx-react/src/XlsxEditor.test.tsx::keeps an IME composition in the edit ; edit@capy:e2e/editor/biology-office.spec.ts::XLSX keyboard selection scrolls into view and takes typing ; save@capy:e2e/uat/journeys/richContent.spec.ts::rich-content ; collab@fork:packages/xlsx-react/src/XlsxEditor.test.tsx::keeps every key typed while a peer pastes ¦ ¦
xlsx.edit.formula_help ¦ Editing ¦ Formula help: function autocomplete, argument hints, click-to-reference ¦ P1 ¦ - ¦ N ¦ - ¦ - ¦ 4 ¦ M ¦ code:fork:packages/xlsx-react/src/XlsxEditor.tsx ¦ No autocomplete, hints or point mode in the cell editor or formula bar (nothing in XlsxEditor.tsx). Students learning formulas rely on these. ¦ Autocomplete function names with argument hints, and point mode (click or arrow keys insert references, coloured ranges).
xlsx.edit.autofill ¦ Editing ¦ Fill handle and fill down/right (series, copying formulas) ¦ P0 ¦ - ¦ N ¦ - ¦ - ¦ 5 ¦ M ¦ ¦ No fill handle and no Fill down (Ctrl+D) or Fill right; formulas cannot be dragged down a column, the most common spreadsheet gesture after typing. ¦ Fill handle drag and Ctrl+D/Ctrl+R: copy with relative references, extend number, date and text series.
xlsx.edit.clipboard ¦ Editing ¦ Copy, cut and paste ¦ P0 ¦ - ¦ P ¦ - ¦ U ¦ 4 ¦ M ¦ edit@fork:packages/xlsx/src/clipboard/index.test.ts::round-trips a real formula back to its = text ; edit@fork:packages/xlsx/src/clipboard/index.test.ts::defangs text that a spreadsheet would read as a formula ¦ Values and formula text go through the clipboard as tab-separated text: formatting is not copied, a pasted formula keeps its references unadjusted (inferred from the TSV codec, unverified), there is no cut-and-move and no paste special. ¦ Copy and paste with formats and relative-reference adjustment; HTML from and to Sheets/Excel; paste values only.
xlsx.edit.format ¦ Editing ¦ Format cells: number formats, font, size, bold, italic, strikethrough, colours, fill, borders, alignment, wrap, merge, clear, paint format ¦ P0 ¦ - ¦ P ¦ Y ¦ Y ¦ 2 ¦ S ¦edit@fork:packages/xlsx-react/src/components/singleRowToolbar.test.tsx::the colour buttons open a palette ; edit@fork:packages/xlsx-react/src/XlsxEditor.test.tsx::runs the toolbar commands a menu repeats ; edit@fork:packages/xlsx-react/src/XlsxEditor.test.tsx::clears every style and the number format ; edit@fork:packages/xlsx/src/wasm/loader.test.ts::round-trips formatting, format capture ; save@fork:crates/betteroffice-xlsx/tests/workbook.rs::collaborative_formatting_round_trips ; collab@fork:crates/betteroffice-xlsx/tests/workbook.rs::concurrent_formatting_restyles_converge ¦ Underline is not offered (bold, italic and strikethrough are). ¦ Add underline (Ctrl/Cmd+U) to the row and the Format menu.
xlsx.edit.resize ¦ Editing ¦ Resize columns and rows (drag, double-click to fit) ¦ P0 ¦ - ¦ N ¦ - ¦ - ¦ 4 ¦ S ¦ code:fork:crates/xlsx-ops/src/op.rs ¦ No drag handles on the headers; the SetColWidth and SetRowHeight ops exist but nothing in the editor calls them. Text spills or is cut off with no way to widen the column. ¦ Header edge drag and double-click auto-fit through the existing ops.
xlsx.edit.rows_cols ¦ Editing ¦ Insert and delete rows and columns ¦ P0 ¦ - ¦ Y ¦ Y ¦ Y ¦ ¦ ¦ edit@fork:packages/xlsx-react/src/XlsxEditor.test.tsx::inserts as many rows as are selected above ; edit@fork:packages/xlsx-react/src/XlsxEditor.test.tsx::deletes the selected rows and columns ; save@fork:crates/betteroffice-xlsx/tests/workbook.rs::structural_edits_rewrite_defined_names_through_save_and_undo ; collab@fork:crates/betteroffice-xlsx/tests/stable_collaboration.rs::concurrent_insert_and_formula_bind_to_the_authors_rows ¦ Conditional formatting, validation and autofilter ranges do not move with them (see those rows). ¦
xlsx.edit.hide ¦ Editing ¦ Hide and unhide rows and columns, group (outline) ¦ P1 ¦ - ¦ N ¦ - ¦ - ¦ 2 ¦ S ¦ ¦ Hidden rows and columns from a file display hidden; no command hides, unhides or groups. ¦ Hide/unhide through the row and column ops.
xlsx.edit.sheets ¦ Editing ¦ Sheets: add, rename, delete, reorder, duplicate, tab colour ¦ P0 ¦ - ¦ P ¦ Y ¦ Y ¦ 4 ¦ S ¦ edit@fork:packages/xlsx-react/src/XlsxEditor.test.tsx::adds a sheet after the active one ; save@fork:crates/betteroffice-xlsx/tests/workbook.rs::renaming_a_sheet_rewrites_hash_prefixed_hyperlink_locations ; collab@fork:crates/betteroffice-xlsx/tests/stable_collaboration.rs::concurrent_names_merges_and_last_sheet_deletions_resolve_in_any_order ¦ Insert › Sheet adds one; the tab strip only switches sheets: no rename, delete, reorder, duplicate or colour, although rename and remove ops exist in the engine (no move op). ¦ Tab menu with rename and delete (existing ops), then reorder (new op) and duplicate.
xlsx.edit.sort ¦ Editing ¦ Sort a range (A→Z, by column) ¦ P0 ¦ - ¦ N ¦ - ¦ - ¦ 5 ¦ M ¦ fork:crates/xlsx-calc/tests/arrays.rs::sort_orders_rows_by_the_requested_column ¦ Only the SORT formula exists; there is no Data › Sort range. Teachers sort class lists and gradebooks constantly. ¦ Data › Sort range (by one or more columns, with a header row), one undo step, converging with peers' edits.
xlsx.edit.find ¦ Editing ¦ Find and replace ¦ P1 ¦ - ¦ N ¦ - ¦ - ¦ 3 ¦ S ¦ fork:crates/betteroffice-xlsx/tests/workbook.rs::text_search_uses_formatted_values ¦ The engine searches formatted text, but Capy hides the fork's Search menu (it did nothing) and there is no find bar. ¦ Find bar (Ctrl+F) over the engine search; replace later.
xlsx.edit.undo ¦ Editing ¦ Undo and redo of one's own edits ¦ P0 ¦ - ¦ Y ¦ - ¦ Y ¦ ¦ ¦ edit@fork:crates/xlsx-ops/src/undo.rs::commit_undo_redo_cycle ; collab@fork:crates/betteroffice-xlsx/tests/workbook.rs::collaborative_undo_converges_after_a_concurrent_remote_edit ¦ ¦
xlsx.edit.zoom ¦ Editing ¦ Zoom 50–200% in both modes ¦ P2 ¦ - ¦ Y ¦ - ¦ - ¦ ¦ ¦ fork:packages/xlsx-react/src/XlsxEditor.test.tsx::keeps the top-left cell where it is when the zoom changes ; capy:e2e/editor/biology-office.spec.ts::XLSX zooms from View › Zoom ¦ ¦
xlsx.edit.keyboard ¦ Editing ¦ Keyboard navigation and selection (arrows, Ctrl+arrows, Home/End, Page Up/Down, Shift extends) ¦ P0 ¦ - ¦ Y ¦ - ¦ - ¦ ¦ ¦ fork:packages/xlsx/src/selection/keyboard.test.ts::jumps to the used-range edge with ctrl/cmd+arrow ; capy:e2e/editor/biology-office.spec.ts::XLSX keyboard selection scrolls into view ¦ ¦
xlsx.edit.protect ¦ Editing ¦ Protected sheets and ranges ¦ P2 ¦ - ¦ N ¦ U ¦ - ¦ 2 ¦ M ¦ ¦ Sheet protection is not read: a protected sheet is editable in Capy (inferred; no code reads sheetProtection outside the writer's element order). ¦ Honour sheet protection (read-only cells), or decide that Capy's own permissions replace it.
xlsx.save.untouched ¦ Save and round trip ¦ Untouched sheets and parts stay byte-identical; unmodelled sheet markup survives ¦ P0 ¦ - ¦ - ¦ Y ¦ - ¦ ¦ ¦ fork:crates/xlsx-parse/src/tests.rs::leaves_untouched_worksheets_byte_identical ; fork:crates/betteroffice-xlsx/tests/workbook.rs::save_preserves_unmodeled_package_parts_and_sheet_fragments ; fork:crates/betteroffice-xlsx/tests/workbook.rs::non_worksheet_sheets_stay_typed_and_byte_identical ¦ ¦
xlsx.save.edited ¦ Save and round trip ¦ Edited workbooks keep shared strings, shared and array formulas, styles; Excel opens them ¦ P0 ¦ - ¦ - ¦ P ¦ - ¦ 3 ¦ S ¦ fork:crates/xlsx-parse/src/tests.rs::preserved_shared_strings_keep_rich_items ; fork:crates/betteroffice-xlsx/tests/workbook.rs::an_unrecalculated_array_formula_round_trips_byte_identically ; capy:e2e/uat/journeys/richContent.spec.ts::rich-content ¦ An array formula keeps its t="array" range only while its anchor keeps its original content (accepted 2026-09-25). No Capy-saved workbook has been opened in Excel for a repair prompt on this pin. ¦ Open a set of Capy-saved workbooks in Excel (manual) and record the result.
xlsx.save.download ¦ Save and round trip ¦ Download as Excel with saved edits ¦ P0 ¦ - ¦ Y ¦ Y ¦ - ¦ ¦ ¦ capy:e2e/uat/journeys/files.spec.ts::browser upload, collaboration, durable export ; capy:src/office-runtime/exportCheckpoint.test.ts::exports the saved checkpoint ¦ ¦
xlsx.collab.coediting ¦ Collaboration ¦ Two people editing at once converge, including row, column and sheet restructuring with deterministic conflict rules ¦ P0 ¦ - ¦ - ¦ - ¦ Y ¦ ¦ ¦ fork:crates/betteroffice-xlsx/tests/stable_collaboration.rs::concurrent_insert_and_formula_bind_to_the_authors_rows ; fork:crates/betteroffice-xlsx/tests/stable_collaboration.rs::concurrent_names_merges_and_last_sheet_deletions ; fork:packages/xlsx/src/wasm/collaboration.test.ts::converges structural edits with concurrent cells ; capy:e2e/uat/journeys/richContent.spec.ts::two editors ¦ Duplicate sheet names get stable suffixes, one overlapping merge survives, a sheet always remains (decided). ¦
xlsx.collab.presence ¦ Collaboration ¦ See co-editors' selected cells ¦ P1 ¦ - ¦ - ¦ - ¦ N ¦ 4 ¦ M ¦ fork:packages/xlsx-react/src/presence/Presence.test.tsx::expands local and remote geometry ; code:capy:src/office-runtime/officeCollaboration.ts ¦ xlsx-react draws peers' selections, but Capy's Office bridge carries no awareness, so co-editors are invisible. The Rust collaboration server already keeps and relays awareness per room (collaboration-rs room.rs on capy-side/rust-core), so the gap is the host-to-runtime relay and the editors' hookup. ¦ Same fix as DOCX: relay awareness for all three formats.
xlsx.collab.rebase ¦ Collaboration ¦ Edits saved during a publication rebase as per-cell overrides or refuse ¦ P1 ¦ - ¦ - ¦ - ¦ Y ¦ ¦ ¦ fork:crates/betteroffice-xlsx/tests/stable_collaboration.rs::a_rebase_replays_inserts_and_deletes_made_after_the_capture ; fork:crates/betteroffice-xlsx/tests/stable_collaboration.rs::a_second_rebase_over_a_rebased_state ¦ ¦
