timestamp,monotonic_s,container_memory_bytes,container_memory_peak_bytes,container_anon_bytes,container_file_bytes,container_swap_bytes,container_swap_peak_bytes,host_mem_available_bytes,host_swap_total_bytes,host_swap_used_bytes,pids_current,cpu_usage_usec,cpu_user_usec,cpu_system_usec,oom_events,oom_kill_events
2026-08-31T03:27:24.634803+00:00,0.001,37081088,38604800,35368960,0,0,0,16037355520,25769799680,9588736,5,970276,914608,55668,0,0
2026-08-31T03:27:25.635908+00:00,1.002,37081088,38604800,35368960,0,0,0,16037101568,25769799680,9588736,5,973065,917397,55668,0,0
2026-08-31T03:27:26.637036+00:00,2.003,37081088,38604800,35368960,0,0,0,16037101568,25769799680,9588736,5,975649,919901,55747,0,0
2026-08-31T03:27:27.638055+00:00,3.004,37081088,38604800,35368960,0,0,0,16037040128,25769799680,9588736,5,978155,922407,55747,0,0
2026-08-31T03:27:28.639121+00:00,4.005,37076992,38604800,35368960,0,0,0,16037040128,25769799680,9588736,5,980772,924959,55812,0,0
2026-08-31T03:27:29.640314+00:00,5.006,37076992,38604800,35368960,0,0,0,16039976960,25769799680,9588736,5,983573,927760,55812,0,0
2026-08-31T03:27:30.641318+00:00,6.007,37076992,38604800,35368960,0,0,0,16043429888,25769799680,9588736,5,986427,930614,55812,0,0
2026-08-31T03:27:31.642433+00:00,7.008,37076992,39174144,35368960,0,0,0,16046252032,25769799680,9588736,5,989280,933467,55812,0,0
2026-08-31T03:27:32.643485+00:00,8.009,37076992,39174144,35368960,0,0,0,16053489664,25769799680,9588736,5,992119,936306,55812,0,0
2026-08-31T03:27:33.644573+00:00,9.010,37076992,39174144,35368960,0,0,0,16055017472,25769799680,9588736,5,994795,938982,55812,0,0
2026-08-31T03:27:34.645555+00:00,10.011,37076992,39174144,35368960,0,0,0,16056299520,25769799680,9588736,5,997416,941604,55812,0,0
2026-08-31T03:27:35.646640+00:00,11.013,37076992,39174144,35368960,0,0,0,16056467456,25769799680,9588736,5,1000104,944291,55812,0,0
2026-08-31T03:27:36.647857+00:00,12.014,37076992,39174144,35368960,0,0,0,16056467456,25769799680,9588736,5,1002735,946922,55812,0,0
2026-08-31T03:27:37.648873+00:00,13.015,37076992,39174144,35368960,0,0,0,16056201216,25769799680,9588736,5,1005276,949431,55845,0,0
2026-08-31T03:27:38.650037+00:00,14.016,37076992,39174144,35368960,0,0,0,16056246272,25769799680,9588736,5,1007953,951959,55993,0,0
2026-08-31T03:27:39.651060+00:00,15.017,37076992,39174144,35368960,0,0,0,16056246272,25769799680,9588736,5,1010577,951959,58618,0,0
2026-08-31T03:27:40.652193+00:00,16.018,37076992,39174144,35368960,0,0,0,16056246272,25769799680,9588736,5,1013213,953144,60068,0,0
2026-08-31T03:27:41.653367+00:00,17.019,37560320,39239680,35852288,0,0,0,16056385536,25769799680,9588736,5,1015884,955657,60226,0,0
2026-08-31T03:27:42.654479+00:00,18.020,37560320,39239680,35852288,0,0,0,16056385536,25769799680,9588736,5,1018350,957977,60373,0,0
2026-08-31T03:27:43.655454+00:00,19.021,37560320,39239680,35852288,0,0,0,16056385536,25769799680,9588736,5,1020791,960273,60517,0,0
2026-08-31T03:27:44.656473+00:00,20.022,37560320,39239680,35852288,0,0,0,16056127488,25769799680,9588736,5,1023183,962665,60517,0,0
2026-08-31T03:27:45.657432+00:00,21.023,37560320,39239680,35852288,0,0,0,16056127488,25769799680,9588736,5,1025781,965263,60517,0,0
2026-08-31T03:27:46.658272+00:00,22.024,37560320,39239680,35852288,0,0,0,16056127488,25769799680,9588736,5,1028351,967834,60517,0,0
2026-08-31T03:27:47.659272+00:00,23.025,37560320,39239680,35852288,0,0,0,16056127488,25769799680,9588736,5,1030973,970455,60517,0,0
2026-08-31T03:27:48.660343+00:00,24.026,37560320,39239680,35852288,0,0,0,16058789888,25769799680,9588736,5,1033708,973190,60517,0,0
2026-08-31T03:27:49.661273+00:00,25.027,37560320,39239680,35852288,0,0,0,16058896384,25769799680,9588736,5,1036289,975771,60517,0,0
2026-08-31T03:27:50.662343+00:00,26.028,37560320,39239680,35852288,0,0,0,16058896384,25769799680,9588736,5,1038844,978326,60517,0,0
2026-08-31T03:27:51.663282+00:00,27.029,37560320,39239680,35852288,0,0,0,16058896384,25769799680,9588736,5,1041483,978326,63156,0,0
2026-08-31T03:27:52.664295+00:00,28.030,37560320,39239680,35852288,0,0,0,16058896384,25769799680,9588736,5,1044009,979517,64491,0,0
2026-08-31T03:27:53.665416+00:00,29.031,37560320,39239680,35852288,0,0,0,16058912768,25769799680,9588736,5,1046639,982148,64491,0,0
2026-08-31T03:27:54.666340+00:00,30.032,37560320,39239680,35852288,0,0,0,16058912768,25769799680,9588736,5,1049240,984748,64491,0,0
2026-08-31T03:27:55.667192+00:00,31.033,37560320,39239680,35852288,0,0,0,16058912768,25769799680,9588736,5,1051852,987361,64491,0,0
2026-08-31T03:27:56.668119+00:00,32.034,37560320,39239680,35852288,0,0,0,16058912768,25769799680,9588736,5,1054092,989601,64491,0,0
2026-08-31T03:27:57.669045+00:00,33.035,90841088,90984448,86114304,53248,0,0,15988424704,25769799680,9588736,15,1948622,1824324,124298,0,0
2026-08-31T03:27:58.669950+00:00,34.036,187346944,187604992,180600832,53248,0,0,15889813504,25769799680,9588736,15,2947557,2719584,227972,0,0
2026-08-31T03:27:59.671054+00:00,35.037,229785600,229785600,221007872,53248,0,0,15849234432,25769799680,9588736,16,4058035,3614682,443353,0,0
2026-08-31T03:28:00.672235+00:00,36.038,277176320,277176320,266317824,53248,0,0,15796011008,25769799680,9588736,16,5363234,4818089,545145,0,0
2026-08-31T03:28:01.673363+00:00,37.039,335728640,335728640,323129344,53248,0,0,15739387904,25769799680,9588736,16,6367816,5727028,640787,0,0
2026-08-31T03:28:02.674378+00:00,38.040,364400640,364400640,348774400,53248,0,0,15714111488,25769799680,9588736,16,7367254,6594494,772759,0,0
2026-08-31T03:28:03.675311+00:00,39.041,408199168,408199168,390864896,73728,0,0,15653793792,25769799680,9588736,20,8516249,7695843,820406,0,0
2026-08-31T03:28:04.676281+00:00,40.042,653209600,653209600,635416576,73728,0,0,15411089408,25769799680,9588736,21,9632888,8616377,1016510,0,0
2026-08-31T03:28:05.677233+00:00,41.043,1324937216,1324937216,1305780224,73728,0,0,14730940416,25769799680,9588736,21,10629834,9173586,1456248,0,0
2026-08-31T03:28:06.678239+00:00,42.044,996724736,1438834688,977297408,73728,0,0,14666309632,25769799680,9588736,22,11716934,9553509,2163425,0,0
2026-08-31T03:28:07.679148+00:00,43.045,1593962496,1594208256,1572323328,77824,0,0,14089777152,25769799680,9588736,33,13329643,10957357,2372285,0,0
2026-08-31T03:28:08.680039+00:00,44.046,1837039616,1837039616,1815015424,77824,0,0,13836414976,25769799680,9588736,33,15341584,12764645,2576939,0,0
2026-08-31T03:28:09.680927+00:00,45.047,1923616768,1939800064,1901277184,77824,0,0,13705601024,25769799680,9588736,32,17336000,14648003,2687996,0,0
2026-08-31T03:28:10.681868+00:00,46.048,1924747264,2005667840,1902383104,77824,0,0,13646680064,25769799680,9588736,32,19333429,16590365,2743064,0,0
2026-08-31T03:28:11.682795+00:00,47.049,1924534272,2032336896,1902383104,77824,0,0,13661159424,25769799680,9588736,32,21318383,18527117,2791266,0,0
2026-08-31T03:28:12.683809+00:00,48.050,1923129344,2032336896,1901117440,77824,0,0,13712007168,25769799680,9588736,32,23311525,20472064,2839461,0,0
2026-08-31T03:28:13.685505+00:00,49.051,1923473408,2032336896,1901293568,77824,0,0,13720141824,25769799680,9588736,32,25307956,22448860,2859096,0,0
2026-08-31T03:28:14.686564+00:00,50.052,1923403776,2032336896,1901498368,77824,0,0,13740023808,25769799680,9588736,32,27304532,24361757,2942775,0,0
2026-08-31T03:28:15.687496+00:00,51.053,1915736064,2032336896,1893818368,77824,0,0,13786787840,25769799680,9588736,32,29287008,26308726,2978282,0,0
2026-08-31T03:28:16.688399+00:00,52.054,1915711488,2032336896,1893822464,77824,0,0,13777940480,25769799680,9588736,32,31285280,28227498,3057782,0,0
2026-08-31T03:28:17.689319+00:00,53.055,1861885952,2032336896,1840058368,77824,0,0,13839069184,25769799680,9588736,32,33281903,30200685,3081217,0,0
2026-08-31T03:28:18.690415+00:00,54.056,1888915456,2032336896,1866940416,77824,0,0,13838209024,25769799680,9588736,32,35271999,32139549,3132450,0,0
2026-08-31T03:28:19.691568+00:00,55.057,1909182464,2032336896,1887420416,77824,0,0,13823213568,25769799680,9588736,32,37264662,34107993,3156669,0,0
2026-08-31T03:28:20.692723+00:00,56.059,1923567616,2032336896,1901502464,77824,0,0,13852753920,25769799680,9588736,32,39258840,36050533,3208307,0,0
2026-08-31T03:28:21.693910+00:00,57.060,1944199168,2032336896,1922191360,77824,0,0,13935558656,25769799680,9588736,32,41259450,38022948,3236502,0,0
2026-08-31T03:28:22.694807+00:00,58.061,1916059648,2032336896,1894068224,77824,0,0,13962121216,25769799680,9588736,32,43242369,39986107,3256261,0,0
2026-08-31T03:28:23.695812+00:00,59.062,1991766016,2032336896,1970237440,77824,0,0,13902151680,25769799680,9588736,32,45233145,41904307,3328838,0,0
2026-08-31T03:28:24.697168+00:00,60.063,1964273664,2058567680,1942716416,77824,0,0,13925793792,25769799680,9588736,32,47223311,43830537,3392774,0,0
2026-08-31T03:28:25.698138+00:00,61.064,1964212224,2058567680,1942716416,77824,0,0,13927518208,25769799680,9588736,32,49227252,45818641,3408610,0,0
2026-08-31T03:28:26.699150+00:00,62.065,1971290112,2058567680,1949757440,77824,0,0,13928116224,25769799680,9588736,32,51204761,47724796,3479964,0,0
2026-08-31T03:28:27.700273+00:00,63.066,1951080448,2058567680,1929273344,77824,0,0,13950844928,25769799680,9588736,32,53202191,49713992,3488198,0,0
2026-08-31T03:28:28.701503+00:00,64.067,1971613696,2058567680,1949769728,77824,0,0,13955796992,25769799680,9588736,32,55196029,51644156,3551873,0,0
2026-08-31T03:28:29.702404+00:00,65.068,1950969856,2058567680,1929297920,77824,0,0,13995511808,25769799680,9588736,32,57188320,53620302,3568017,0,0
2026-08-31T03:28:30.703474+00:00,66.069,1991901184,2058567680,1970262016,77824,0,0,13957763072,25769799680,9588736,32,59172700,55553078,3619621,0,0
2026-08-31T03:28:31.704568+00:00,67.070,1971531776,2058567680,1949782016,77824,0,0,13985386496,25769799680,9588736,32,61172188,57528721,3643466,0,0
2026-08-31T03:28:32.705706+00:00,68.072,1971642368,2058735616,1949782016,77824,0,0,13991645184,25769799680,9588736,32,63173437,59450095,3723341,0,0
2026-08-31T03:28:33.706678+00:00,69.073,1951232000,2058735616,1929297920,77824,0,0,14006194176,25769799680,9588736,32,65158030,61371054,3786976,0,0
2026-08-31T03:28:34.707611+00:00,70.074,1951244288,2058735616,1929297920,77824,0,0,14014861312,25769799680,9588736,32,66536929,62745463,3791466,0,0
2026-08-31T03:28:35.708564+00:00,71.074,2376474624,2376474624,2353442816,77824,0,0,13621653504,25769799680,9588736,39,67937862,63719501,4218361,0,0
2026-08-31T03:28:36.709599+00:00,72.075,2871595008,2880462848,2847571968,77824,0,0,13029650432,25769799680,9588736,39,69747851,65165689,4582162,0,0
2026-08-31T03:28:37.711308+00:00,73.077,2933252096,2980749312,2908954624,77824,0,0,12931821568,25769799680,9588736,39,71748269,67038070,4710198,0,0
2026-08-31T03:28:38.712258+00:00,74.078,2933252096,2980749312,2908962816,77824,0,0,12951281664,25769799680,9588736,39,73748922,69026795,4722127,0,0
2026-08-31T03:28:39.713257+00:00,75.079,2933252096,2980749312,2908979200,77824,0,0,13021712384,25769799680,9588736,39,75745937,71011855,4734082,0,0
2026-08-31T03:28:40.714157+00:00,76.080,2933145600,2980749312,2908987392,77824,0,0,13021720576,25769799680,9588736,39,77746448,72996446,4750002,0,0
2026-08-31T03:28:41.715056+00:00,77.081,2933145600,2980749312,2909003776,77824,0,0,13026217984,25769799680,9588736,39,79747307,74985120,4762186,0,0
2026-08-31T03:28:42.715986+00:00,78.082,2932899840,2980749312,2909011968,77824,0,0,13026234368,25769799680,9588736,39,81747722,76957401,4790320,0,0
2026-08-31T03:28:43.717078+00:00,79.083,2932899840,2980749312,2909024256,77824,0,0,13082529792,25769799680,9588736,39,83748991,78946706,4802284,0,0
2026-08-31T03:28:44.717947+00:00,80.084,2932899840,2980749312,2909036544,77824,0,0,13082288128,25769799680,9588736,39,85757875,80955590,4802284,0,0
2026-08-31T03:28:45.718941+00:00,81.085,2932899840,2980749312,2909044736,77824,0,0,13085925376,25769799680,9588736,39,87752470,82938406,4814063,0,0
2026-08-31T03:28:46.719916+00:00,82.086,2932895744,2980749312,2909061120,77824,0,0,13085925376,25769799680,9588736,39,89753401,84927175,4826226,0,0
2026-08-31T03:28:47.720901+00:00,83.087,2933157888,2980749312,2909069312,77824,0,0,13089107968,25769799680,9588736,39,91754882,86924667,4830215,0,0
2026-08-31T03:28:48.722508+00:00,84.088,2955366400,3098918912,2930733056,77824,0,0,13088583680,25769799680,9588736,39,93698040,88632237,5065802,0,0
2026-08-31T03:28:49.723425+00:00,85.089,3014385664,3098918912,2989461504,77824,0,0,13041561600,25769799680,9588736,39,95309850,90235963,5073886,0,0
2026-08-31T03:28:50.724465+00:00,86.090,3051474944,3158253568,3026472960,77824,0,0,12992417792,25769799680,9588736,39,97292952,92063171,5229780,0,0
2026-08-31T03:28:51.725381+00:00,87.091,3253551104,3253551104,3228340224,77824,0,0,12812828672,25769799680,9588736,39,99300911,93930962,5369949,0,0
2026-08-31T03:28:52.726284+00:00,88.092,3168489472,3253956608,3142582272,77824,0,0,12852166656,25769799680,9588736,39,101284138,95694794,5589343,0,0
2026-08-31T03:28:53.727157+00:00,89.093,3186950144,3253956608,3158757376,77824,0,0,12846280704,25769799680,9588736,39,103285379,97432368,5853010,0,0
2026-08-31T03:28:54.728158+00:00,90.094,3115294720,3253956608,3089092608,77824,0,0,12910149632,25769799680,9588736,39,105274331,99149456,6124874,0,0
2026-08-31T03:28:55.729158+00:00,91.095,3168706560,3253956608,3142590464,77824,0,0,12877500416,25769799680,9588736,39,107275843,100979182,6296661,0,0
2026-08-31T03:28:56.730138+00:00,92.096,3093602304,3253956608,3062931456,77824,0,0,12924059648,25769799680,9588736,39,109272788,102684503,6588284,0,0
2026-08-31T03:28:57.731041+00:00,93.097,3159601152,3253956608,3133607936,77824,0,0,12884979712,25769799680,9588736,39,111274125,104478099,6796026,0,0
2026-08-31T03:28:58.731952+00:00,94.098,3167248384,3253956608,3134816256,77824,0,0,12846268416,25769799680,9588736,39,113258872,106183236,7075635,0,0
2026-08-31T03:28:59.732986+00:00,95.099,3089195008,3253956608,3062935552,77824,0,0,12897472512,25769799680,9588736,39,115256786,107989351,7267435,0,0
2026-08-31T03:29:00.733879+00:00,96.100,3099942912,3253956608,3073695744,77824,0,0,12881661952,25769799680,9588736,39,117236932,109706157,7530775,0,0
2026-08-31T03:29:01.734931+00:00,97.101,3197079552,3253956608,3170713600,77824,0,0,12840873984,25769799680,9588736,39,119238171,111519383,7718787,0,0
2026-08-31T03:29:02.735884+00:00,98.102,3186982912,3253956608,3160883200,77824,0,0,12841443328,25769799680,9588736,39,121211699,113288896,7922803,0,0
2026-08-31T03:29:03.736796+00:00,99.103,3088760832,3253956608,3062951936,77824,0,0,12894949376,25769799680,9588736,39,123211106,114996537,8214569,0,0
2026-08-31T03:29:04.737708+00:00,100.104,3190484992,3253956608,3164434432,77824,0,0,12835164160,25769799680,9588736,39,125200723,116754159,8446564,0,0
2026-08-31T03:29:05.738579+00:00,101.104,3170852864,3335622656,3144916992,77824,0,0,12842319872,25769799680,9588736,39,127191158,118440886,8750271,0,0
2026-08-31T03:29:06.739576+00:00,102.105,3227254784,3366805504,3200950272,77824,0,0,12753043456,25769799680,9588736,39,129181879,120223771,8958107,0,0
2026-08-31T03:29:07.740536+00:00,103.106,3311435776,3366805504,3285331968,77824,0,0,12701646848,25769799680,9588736,39,131183717,121989870,9193847,0,0
2026-08-31T03:29:08.741611+00:00,104.108,3282849792,3366961152,3256524800,77824,0,0,12736679936,25769799680,9588736,39,133166273,123780866,9385406,0,0
2026-08-31T03:29:09.742528+00:00,105.108,3254161408,3367145472,3227893760,77824,0,0,12743069696,25769799680,9588736,39,135167744,125622256,9545488,0,0
2026-08-31T03:29:10.743375+00:00,106.109,3264405504,3367145472,3234185216,77824,0,0,12723609600,25769799680,9588736,39,137160977,127372079,9788897,0,0
2026-08-31T03:29:11.744287+00:00,107.110,3200823296,3367145472,3174883328,77824,0,0,12726497280,25769799680,9588736,39,139162324,129149435,10012888,0,0
2026-08-31T03:29:12.745365+00:00,108.111,3201044480,3367145472,3174883328,77824,0,0,12699107328,25769799680,9588736,39,141144575,130872233,10272341,0,0
2026-08-31T03:29:13.746306+00:00,109.112,3282821120,3367145472,3256537088,77824,0,0,12618559488,25769799680,9588736,39,143138243,132658135,10480107,0,0
2026-08-31T03:29:14.747346+00:00,110.113,3201150976,3367145472,3174891520,77824,0,0,12600369152,25769799680,9588736,39,145117997,134390321,10727675,0,0
2026-08-31T03:29:15.748386+00:00,111.114,3310985216,3367145472,3282579456,77824,0,0,12517007360,25769799680,9588736,39,147087190,136051904,11035286,0,0
2026-08-31T03:29:16.749473+00:00,112.115,3227729920,3367145472,3201290240,77824,0,0,12649107456,25769799680,9588736,39,149096468,137833169,11263299,0,0
2026-08-31T03:29:17.750574+00:00,113.116,3227131904,3367145472,3201245184,77824,0,0,12630700032,25769799680,9588736,39,151088272,139500903,11587369,0,0
2026-08-31T03:29:18.751656+00:00,114.118,3200696320,3367145472,3174899712,77824,0,0,12630675456,25769799680,9588736,39,153088879,141281530,11807348,0,0
2026-08-31T03:29:19.752804+00:00,115.119,3257659392,3367145472,3231567872,77824,0,0,12577886208,25769799680,9588736,39,155037005,142918119,12118886,0,0
2026-08-31T03:29:20.753916+00:00,116.120,3282997248,3367346176,3256561664,77824,0,0,12598800384,25769799680,9588736,39,157037557,144643066,12394491,0,0
2026-08-31T03:29:21.754931+00:00,117.121,3282509824,3367346176,3256561664,77824,0,0,12606210048,25769799680,9588736,39,159024102,146381826,12642275,0,0
2026-08-31T03:29:22.756067+00:00,118.122,3257552896,3367346176,3231584256,77824,0,0,12634976256,25769799680,9588736,39,161024973,148154696,12870276,0,0
2026-08-31T03:29:23.757250+00:00,119.123,3200794624,3367346176,3174920192,77824,0,0,12690513920,25769799680,9588736,39,163017530,149891306,13126224,0,0
2026-08-31T03:29:24.758428+00:00,120.124,3200483328,3367346176,3174920192,77824,0,0,12675911680,25769799680,9588736,39,165027008,151677057,13349950,0,0
2026-08-31T03:29:25.759343+00:00,121.125,3282608128,3367346176,3256582144,77824,0,0,12594384896,25769799680,9588736,39,167011893,153346353,13665539,0,0
2026-08-31T03:29:26.760204+00:00,122.126,3201044480,3367346176,3174928384,77824,0,0,12657201152,25769799680,9588736,39,169013049,155143473,13869575,0,0
2026-08-31T03:29:27.761297+00:00,123.127,3200811008,3367346176,3174928384,77824,0,0,12651331584,25769799680,9588736,39,170995333,156842697,14152635,0,0
2026-08-31T03:29:28.762458+00:00,124.128,3262197760,3367346176,3231866880,77824,0,0,12633157632,25769799680,9588736,39,172994893,158602036,14392856,0,0
2026-08-31T03:29:29.763710+00:00,125.130,3200880640,3367346176,3174940672,77824,0,0,12669902848,25769799680,9588736,39,174978496,160385708,14592787,0,0
2026-08-31T03:29:30.764789+00:00,126.131,3200876544,3367346176,3174940672,77824,0,0,12673634304,25769799680,9588736,39,176980190,162147329,14832861,0,0
2026-08-31T03:29:31.766829+00:00,127.133,3288207360,3367346176,3260243968,77824,0,0,12613804032,25769799680,9588736,39,178981652,163924393,15057259,0,0
2026-08-31T03:29:32.769567+00:00,128.135,3282583552,3367346176,3256598528,77824,0,0,12613869568,25769799680,9588736,39,180986785,165666192,15320592,0,0
2026-08-31T03:29:33.770567+00:00,129.136,3282620416,3367346176,3256598528,77824,0,0,12537647104,25769799680,9588736,39,182982055,167414287,15567767,0,0
2026-08-31T03:29:34.771761+00:00,130.138,3282034688,3367346176,3256606720,77824,0,0,12637880320,25769799680,9588736,39,184980389,169172844,15807544,0,0
2026-08-31T03:29:35.772979+00:00,131.139,3200348160,3367346176,3174952960,77824,0,0,12681203712,25769799680,9588736,39,186979744,170980272,15999471,0,0
2026-08-31T03:29:36.774037+00:00,132.140,3200081920,3367346176,3174961152,77824,0,0,12674461696,25769799680,9588736,39,188980138,172729058,16251079,0,0
2026-08-31T03:29:37.774978+00:00,133.141,3226841088,3367346176,3201654784,77824,0,0,12663771136,25769799680,9588736,39,190976583,174549813,16426770,0,0
2026-08-31T03:29:38.776057+00:00,134.142,3310927872,3367346176,3285434368,77824,0,0,12583481344,25769799680,9588736,39,192962933,176236095,16726838,0,0
2026-08-31T03:29:39.777260+00:00,135.143,3282210816,3367346176,3256631296,77824,0,0,12617695232,25769799680,9588736,39,194958137,178019435,16938702,0,0
2026-08-31T03:29:40.778315+00:00,136.144,3311054848,3367346176,3285442560,77824,0,0,12625883136,25769799680,9588736,39,196947651,179797200,17150450,0,0
2026-08-31T03:29:41.779435+00:00,137.145,3200520192,3367346176,3174981632,77824,0,0,12701429760,25769799680,9588736,39,198949440,181563244,17386196,0,0
2026-08-31T03:29:42.780501+00:00,138.146,3282481152,3367346176,3256635392,77824,0,0,12647440384,25769799680,9588736,39,200924829,183227175,17697653,0,0
2026-08-31T03:29:43.781496+00:00,139.147,3200389120,3367346176,3174989824,77824,0,0,12700934144,25769799680,9588736,39,202934694,185029258,17905435,0,0
2026-08-31T03:29:44.782409+00:00,140.148,3227836416,3367346176,3202129920,77824,0,0,12682756096,25769799680,9588736,39,204901713,186752430,18149283,0,0
2026-08-31T03:29:45.783290+00:00,141.149,3256414208,3453288448,3230859264,77824,0,0,12624515072,25769799680,9588736,39,206903169,188485843,18417325,0,0
2026-08-31T03:29:46.784369+00:00,142.150,3426832384,3595849728,3400908800,77824,0,0,12493008896,25769799680,9588736,39,208873204,190107861,18765343,0,0
2026-08-31T03:29:47.785356+00:00,143.151,3370840064,3595857920,3345063936,77824,0,0,12534321152,25769799680,9588736,39,210882896,191853837,19029058,0,0
2026-08-31T03:29:48.786319+00:00,144.152,3464171520,3596120064,3435438080,77824,0,0,12471611392,25769799680,9588736,39,212874541,193569609,19304932,0,0
2026-08-31T03:29:49.787278+00:00,145.153,3426758656,3596120064,3400921088,77824,0,0,12534304768,25769799680,9588736,39,214872564,195247601,19624962,0,0
2026-08-31T03:29:50.788228+00:00,146.154,3456479232,3596120064,3430445056,77824,0,0,12508397568,25769799680,9588736,39,216854282,196981221,19873061,0,0
2026-08-31T03:29:51.789380+00:00,147.155,3343245312,3596120064,3317284864,77824,0,0,12598956032,25769799680,9588736,39,218863547,198646515,20217031,0,0
2026-08-31T03:29:52.790377+00:00,148.156,3456450560,3596120064,3430449152,77824,0,0,12490489856,25769799680,9588736,39,220856849,200364145,20492704,0,0
2026-08-31T03:29:53.791508+00:00,149.157,3347234816,3596120064,3317313536,77824,0,0,12577697792,25769799680,9588736,39,222858120,201981836,20876284,0,0
2026-08-31T03:29:54.792449+00:00,150.158,3449933824,3596120064,3424165888,77824,0,0,12489015296,25769799680,9588736,39,224812669,203629062,21183607,0,0
2026-08-31T03:29:55.793605+00:00,151.160,3342798848,3596120064,3317301248,77824,0,0,12586971136,25769799680,9588736,39,226822163,205266966,21555196,0,0
2026-08-31T03:29:56.794501+00:00,152.160,3426742272,3596120064,3400945664,77824,0,0,12511002624,25769799680,9588736,39,228810049,206995687,21814361,0,0
2026-08-31T03:29:57.795443+00:00,153.161,3428806656,3596120064,3403337728,77824,0,0,12507901952,25769799680,9588736,39,230802995,208685027,22117967,0,0
2026-08-31T03:29:58.796609+00:00,154.163,3426557952,3596120064,3400957952,77824,0,0,12503126016,25769799680,9588736,39,232801521,210419761,22381760,0,0
2026-08-31T03:29:59.797509+00:00,155.163,3426705408,3596120064,3400957952,77824,0,0,12462915584,25769799680,9588736,39,234764145,212043054,22721090,0,0
2026-08-31T03:30:00.798451+00:00,156.164,3502047232,3596120064,3474010112,77824,0,0,12392308736,25769799680,9588736,39,236764982,213855414,22909568,0,0
2026-08-31T03:30:01.799406+00:00,157.165,3371188224,3596148736,3345113088,77824,0,0,12399280128,25769799680,9588736,39,238741151,215448144,23293006,0,0
2026-08-31T03:30:02.800447+00:00,158.166,3420286976,3596148736,3390091264,77824,0,0,12401573888,25769799680,9588736,39,240738972,217198229,23540743,0,0
2026-08-31T03:30:03.801544+00:00,159.167,3460530176,3603247104,3432370176,77824,0,0,12361027584,25769799680,9588736,39,242712925,218893267,23819657,0,0
2026-08-31T03:30:04.805679+00:00,160.172,3623563264,3638411264,3593084928,77824,0,0,12245794816,25769799680,9588736,39,244720756,220680742,24040013,0,0
2026-08-31T03:30:05.806643+00:00,161.173,3486519296,3638411264,3458510848,77824,0,0,12357066752,25769799680,9588736,39,246692665,222333569,24359096,0,0
2026-08-31T03:30:06.807526+00:00,162.173,3463753728,3638411264,3435520000,77824,0,0,12386861056,25769799680,9588736,39,248697203,224114076,24583126,0,0
2026-08-31T03:30:07.808641+00:00,163.175,3463720960,3638411264,3435524096,77824,0,0,12383838208,25769799680,9588736,39,250692047,225817126,24874921,0,0
2026-08-31T03:30:08.809704+00:00,164.176,3492077568,3638411264,3464101888,77824,0,0,12424114176,25769799680,9588736,39,252704510,227530057,25174452,0,0
2026-08-31T03:30:09.810609+00:00,165.177,3604615168,3638411264,3576328192,77824,0,0,12363735040,25769799680,9588736,39,254696703,229318234,25378469,0,0
2026-08-31T03:30:10.811637+00:00,166.178,3486539776,3638411264,3458527232,77824,0,0,12463882240,25769799680,9588736,39,256698166,231091579,25606586,0,0
2026-08-31T03:30:11.812658+00:00,167.179,3463397376,3638411264,3435536384,77824,0,0,12507684864,25769799680,9588736,39,258678188,232840428,25837760,0,0
2026-08-31T03:30:12.813813+00:00,168.180,3463577600,3676360704,3435528192,77824,0,0,12512768000,25769799680,9588736,39,260682047,234507626,26174420,0,0
2026-08-31T03:30:13.814830+00:00,169.181,3539390464,3703709696,3506884608,77824,0,0,12459782144,25769799680,9588736,39,262667472,236165037,26502435,0,0
2026-08-31T03:30:14.815803+00:00,170.182,3535093760,3703709696,3504787456,77824,0,0,12457484288,25769799680,9588736,39,264661257,237778819,26882438,0,0
2026-08-31T03:30:15.816701+00:00,171.183,3505782784,3703828480,3477667840,77824,0,0,12496465920,25769799680,9588736,39,266665580,239427682,27237898,0,0
2026-08-31T03:30:16.817630+00:00,172.184,3491491840,3704107008,3462840320,77824,0,0,12507803648,25769799680,9588736,39,268659903,241034352,27625550,0,0
2026-08-31T03:30:17.818522+00:00,173.184,3491381248,3704340480,3462840320,77824,0,0,12498685952,25769799680,9588736,39,270665162,242687617,27977544,0,0
2026-08-31T03:30:18.821487+00:00,174.187,3491274752,3704340480,3462840320,77824,0,0,12501237760,25769799680,9588736,39,272660539,244263248,28397290,0,0
2026-08-31T03:30:19.822369+00:00,175.188,3347116032,3704340480,3319152640,77824,0,0,12642041856,25769799680,9588736,39,273983441,245526192,28457249,0,0
2026-08-31T03:30:20.823330+00:00,176.189,3165622272,3704340480,3137949696,77824,0,0,12892078080,25769799680,9588736,44,275725670,247173354,28552315,0,0
2026-08-31T03:30:21.824576+00:00,177.190,3892559872,3892559872,3860398080,77824,0,0,12151889920,25769799680,9588736,46,278958863,250090399,28868463,0,0
2026-08-31T03:30:22.825565+00:00,178.191,4658106368,5099307008,4623843328,77824,0,0,11052699648,25769799680,9588736,46,282070796,251736565,30334230,0,0
2026-08-31T03:30:23.826448+00:00,179.192,5789450240,5883789312,5753253888,77824,0,0,9518338048,25769799680,9588736,46,285866413,254101371,31765041,0,0
2026-08-31T03:30:24.827304+00:00,180.193,6063271936,6203445248,6026711040,77824,0,0,8973381632,25769799680,9588736,47,290675185,257635852,33039333,0,0
2026-08-31T03:30:25.829007+00:00,181.195,6287245312,6306799616,6248534016,77824,0,0,8796561408,25769799680,9588736,48,296366162,262305831,34060330,0,0
2026-08-31T03:30:26.833777+00:00,182.200,6283374592,6429560832,6247112704,77824,0,0,8961372160,25769799680,9588736,49,303101204,268336556,34764647,0,0
2026-08-31T03:30:27.835214+00:00,183.201,6309621760,6450110464,6273462272,77824,0,0,8993177600,25769799680,9588736,49,311051879,276139177,34912701,0,0
2026-08-31T03:30:28.836231+00:00,184.202,6358634496,6458224640,6322741248,77824,0,0,8993058816,25769799680,9588736,49,318904547,283674961,35229585,0,0
2026-08-31T03:30:29.837099+00:00,185.203,6381518848,6458224640,6345146368,77824,0,0,9029238784,25769799680,9588736,49,326808439,291461277,35347161,0,0
2026-08-31T03:30:30.838167+00:00,186.204,6513266688,6560395264,6475845632,77824,0,0,8992624640,25769799680,9588736,49,334703640,299158335,35545305,0,0
2026-08-31T03:30:31.839295+00:00,187.205,6503747584,6560395264,6467391488,77824,0,0,9037852672,25769799680,9588736,49,342583738,306974550,35609187,0,0
2026-08-31T03:30:32.840324+00:00,188.206,6495543296,6617288704,6459219968,77824,0,0,9078620160,25769799680,9588736,49,350403722,314546949,35856773,0,0
2026-08-31T03:30:33.841393+00:00,189.207,6482276352,6617288704,6446006272,77824,0,0,9142976512,25769799680,9588736,49,358343236,322305227,36038008,0,0
2026-08-31T03:30:34.842541+00:00,190.208,6356713472,6617288704,6320824320,77824,0,0,9347100672,25769799680,9588736,49,366142221,329912304,36229916,0,0
2026-08-31T03:30:35.843540+00:00,191.209,6439378944,6617288704,6402744320,77824,0,0,9284214784,25769799680,9588736,49,373998106,337479419,36518687,0,0
2026-08-31T03:30:36.844570+00:00,192.210,6410969088,6617288704,6373302272,77824,0,0,9359155200,25769799680,9588736,49,381842821,345137149,36705671,0,0
2026-08-31T03:30:37.845615+00:00,193.212,6368538624,6617288704,6331064320,77824,0,0,9426018304,25769799680,9588736,49,389763267,352840738,36922528,0,0
2026-08-31T03:30:38.846587+00:00,194.212,6515019776,6617288704,6474866688,77824,0,0,9324294144,25769799680,9588736,49,397622265,360542624,37079641,0,0
2026-08-31T03:30:39.847476+00:00,195.213,6374248448,6617288704,6338101248,77824,0,0,9436303360,25769799680,9588736,49,405528043,368344443,37183600,0,0
2026-08-31T03:30:40.848371+00:00,196.214,6313308160,6617288704,6277033984,77824,0,0,9508155392,25769799680,9588736,49,413386399,376119120,37267279,0,0
2026-08-31T03:30:41.849531+00:00,197.215,6443925504,6617288704,6407467008,77824,0,0,9400713216,25769799680,9588736,49,421239201,383580092,37659109,0,0
2026-08-31T03:30:42.850497+00:00,198.216,6445084672,6617288704,6408785920,77824,0,0,9421787136,25769799680,9588736,49,429157260,391385491,37771768,0,0
2026-08-31T03:30:43.851589+00:00,199.217,6486024192,6628335616,6449614848,77824,0,0,9382637568,25769799680,9588736,49,437012971,399028972,37983998,0,0
2026-08-31T03:30:44.852671+00:00,200.219,6612627456,6628335616,6574309376,77824,0,0,9298333696,25769799680,9588736,49,444794512,406662368,38132143,0,0
2026-08-31T03:30:45.853719+00:00,201.220,6444888064,6648647680,6408650752,77824,0,0,9469845504,25769799680,9588736,49,452642181,414394322,38247858,0,0
2026-08-31T03:30:46.854559+00:00,202.220,6501376000,6648647680,6464331776,77824,0,0,9428815872,25769799680,9588736,49,460532205,422036938,38495266,0,0
2026-08-31T03:30:47.855536+00:00,203.221,6547398656,6648647680,6508781568,77824,0,0,9400659968,25769799680,9588736,49,468410365,429763226,38647139,0,0
2026-08-31T03:30:48.856583+00:00,204.222,6554488832,6648647680,6517997568,77824,0,0,9395355648,25769799680,9588736,49,476339834,437483320,38856513,0,0
2026-08-31T03:30:49.857651+00:00,205.224,6576586752,6684291072,6539755520,77824,0,0,9283579904,25769799680,9588736,49,484256454,445292152,38964302,0,0
2026-08-31T03:30:50.858760+00:00,206.225,6513917952,6684291072,6477033472,77824,0,0,9451556864,25769799680,9588736,49,492102352,453027110,39075242,0,0
2026-08-31T03:30:51.859735+00:00,207.226,6547361792,6684291072,6510956544,77824,0,0,9423712256,25769799680,9588736,49,500040103,460891652,39148451,0,0
2026-08-31T03:30:52.860899+00:00,208.227,6547304448,6684291072,6510956544,77824,0,0,9425162240,25769799680,9588736,49,507912341,468568263,39344077,0,0
2026-08-31T03:30:53.862178+00:00,209.228,6567641088,6684291072,6531088384,77824,0,0,9419649024,25769799680,9588736,49,515828292,476364511,39463781,0,0
2026-08-31T03:30:54.863495+00:00,210.229,6567583744,6684291072,6531088384,77824,0,0,9433378816,25769799680,9588736,49,523731308,484146646,39584662,0,0
2026-08-31T03:30:55.865777+00:00,211.232,6596988928,6684291072,6560579584,77824,0,0,9404182528,25769799680,9588736,49,531661190,491936106,39725084,0,0
2026-08-31T03:30:56.866926+00:00,212.233,6574739456,6684291072,6538551296,77824,0,0,9437114368,25769799680,9588736,49,539585088,499742823,39842264,0,0
2026-08-31T03:30:57.868292+00:00,213.234,6634262528,6688034816,6597435392,77824,0,0,9373327360,25769799680,9588736,49,547463426,507501829,39961597,0,0
2026-08-31T03:30:58.869786+00:00,214.236,6545801216,6690078720,6509113344,77824,0,0,9476304896,25769799680,9588736,49,555377924,515250749,40127175,0,0
2026-08-31T03:30:59.870969+00:00,215.237,6476001280,6690078720,6439481344,77824,0,0,9540644864,25769799680,9588736,49,563293685,523118458,40175227,0,0
2026-08-31T03:31:00.873293+00:00,216.239,6544998400,6690078720,6508470272,77824,0,0,9478324224,25769799680,9588736,49,571205589,530799381,40406208,0,0
2026-08-31T03:31:01.874381+00:00,217.240,6492524544,6690078720,6456651776,77824,0,0,9538162688,25769799680,9588736,49,574357585,533925167,40432418,0,0
2026-08-31T03:31:02.877715+00:00,218.244,7031287808,7057977344,6991998976,77824,0,0,8984477696,25769799680,9588736,49,580992744,540063623,40929121,0,0
2026-08-31T03:31:03.878712+00:00,219.245,7483219968,7483432960,7444799488,77824,0,0,8497770496,25769799680,9588736,49,586959023,545674630,41284392,0,0
2026-08-31T03:31:04.879551+00:00,220.245,7511244800,7511244800,7472865280,77824,0,0,8493576192,25769799680,9588736,49,588007135,546702950,41304185,0,0
2026-08-31T03:31:05.880666+00:00,221.247,8135446528,8195739648,8093081600,77824,0,0,7808757760,25769799680,9588736,49,592396896,550349970,42046926,0,0
2026-08-31T03:31:06.881697+00:00,222.248,8753618944,8831004672,8710680576,77824,0,0,7109218304,25769799680,9588736,49,599242579,556659889,42582689,0,0
2026-08-31T03:31:07.882710+00:00,223.249,8598732800,8856006656,8554524672,77824,0,0,7220146176,25769799680,9588736,49,602637688,559943170,42694517,0,0
2026-08-31T03:31:08.886141+00:00,224.252,9249980416,9250115584,9203933184,77824,0,0,6574034944,25769799680,9588736,49,609139080,565838633,43300447,0,0
2026-08-31T03:31:09.887398+00:00,225.253,9589252096,9589252096,9542729728,77824,0,0,6246813696,25769799680,9588736,49,616046527,572365109,43681417,0,0
2026-08-31T03:31:10.888596+00:00,226.255,9763237888,9859543040,9716662272,77824,0,0,6059675648,25769799680,9588736,49,623768409,579663763,44104646,0,0
2026-08-31T03:31:11.889646+00:00,227.256,9771229184,9859543040,9724612608,77824,0,0,6066577408,25769799680,9588736,49,631630920,587459171,44171749,0,0
2026-08-31T03:31:12.892885+00:00,228.259,9771483136,9859543040,9724641280,77824,0,0,6119514112,25769799680,9588736,49,639520028,595298579,44221448,0,0
2026-08-31T03:31:13.893764+00:00,229.260,9786007552,9859543040,9737261056,77824,0,0,6117363712,25769799680,9588736,49,647394968,603087141,44307827,0,0
2026-08-31T03:31:14.894669+00:00,230.261,9771741184,9859543040,9724702720,77824,0,0,6135062528,25769799680,9588736,49,655272397,610828296,44444100,0,0
2026-08-31T03:31:15.895726+00:00,231.262,9771655168,9859543040,9724735488,77824,0,0,6139944960,25769799680,9588736,49,663115397,618536281,44579116,0,0
2026-08-31T03:31:16.897202+00:00,232.263,9771446272,9866235904,9724760064,77824,0,0,6159544320,25769799680,9588736,49,671001412,626283878,44717534,0,0
2026-08-31T03:31:17.898432+00:00,233.264,9771814912,9866235904,9724784640,77824,0,0,6188163072,25769799680,9588736,49,678946165,634172351,44773813,0,0
2026-08-31T03:31:18.900069+00:00,234.266,9771667456,9866235904,9724809216,77824,0,0,6244503552,25769799680,9588736,49,686827615,641962040,44865574,0,0
2026-08-31T03:31:19.901523+00:00,235.267,9771790336,9866235904,9724829696,77824,0,0,6240931840,25769799680,9588736,49,694760683,649806550,44954132,0,0
2026-08-31T03:31:20.902534+00:00,236.268,9768419328,9866235904,9720926208,77824,0,0,6247608320,25769799680,9588736,49,702675954,657647220,45028734,0,0
2026-08-31T03:31:21.903495+00:00,237.269,9768280064,9866235904,9720954880,77824,0,0,6251024384,25769799680,9588736,49,710595107,665462270,45132837,0,0
2026-08-31T03:31:22.904505+00:00,238.270,9721110528,9866235904,9673928704,77824,0,0,6295584768,25769799680,9588736,49,718509260,673148001,45361258,0,0
2026-08-31T03:31:23.905628+00:00,239.272,9772728320,9979244544,9725075456,77824,0,0,6241411072,25769799680,9588736,49,726436876,680811868,45625008,0,0
2026-08-31T03:31:24.906539+00:00,240.272,9904541696,9999040512,9854865408,77824,0,0,6115983360,25769799680,9588736,49,734344163,688476442,45867721,0,0
2026-08-31T03:31:25.909579+00:00,241.275,10023587840,10153795584,9975701504,77824,0,0,5999685632,25769799680,9588736,49,742267760,696003440,46264320,0,0
2026-08-31T03:31:26.910489+00:00,242.276,10196336640,10251923456,10148220928,77824,0,0,5814075392,25769799680,9588736,49,748673359,702056640,46616718,0,0
2026-08-31T03:31:27.911524+00:00,243.277,10157572096,10251923456,10109366272,77824,0,0,5860286464,25769799680,9588736,49,755546708,708769339,46777368,0,0
2026-08-31T03:31:28.912656+00:00,244.279,10203209728,10251923456,10154860544,77824,0,0,5834125312,25769799680,9588736,49,760491617,713585273,46906343,0,0
2026-08-31T03:31:29.915899+00:00,245.282,10205913088,10307145728,10157744128,77824,0,0,5825683456,25769799680,9588736,49,768453124,721219016,47234108,0,0
2026-08-31T03:31:30.916792+00:00,246.283,10265337856,10398130176,10216628224,77824,0,0,5772279808,25769799680,9588736,49,776062142,728559290,47502852,0,0
2026-08-31T03:31:31.917700+00:00,247.284,10373799936,10398130176,10324795392,77824,0,0,5677531136,25769799680,9588736,49,780238782,732628972,47609809,0,0
2026-08-31T03:31:32.921538+00:00,248.287,10493992960,10494103552,10445123584,77824,0,0,5558673408,25769799680,9588736,49,786992802,739199138,47793664,0,0
2026-08-31T03:31:33.922475+00:00,249.288,10602536960,10699984896,10553434112,77824,0,0,5437579264,25769799680,9588736,49,794964797,746815737,48149059,0,0
2026-08-31T03:31:34.923720+00:00,250.290,10733146112,10812755968,10683641856,77824,0,0,5254504448,25769799680,9588736,49,802825949,754148881,48677068,0,0
2026-08-31T03:31:35.924716+00:00,251.291,10878271488,11003822080,10828525568,77824,0,0,5132271616,25769799680,9588736,49,810787985,761686500,49101484,0,0
2026-08-31T03:31:36.925641+00:00,252.292,10878775296,11003822080,10828951552,77824,0,0,5123010560,25769799680,9588736,49,818690792,769134095,49556697,0,0
2026-08-31T03:31:37.926920+00:00,253.293,10845728768,11003822080,10791911424,77824,0,0,5187014656,25769799680,9588736,49,826656457,776860152,49796304,0,0
2026-08-31T03:31:38.928101+00:00,254.294,10879262720,11003822080,10825228288,77824,0,0,5146673152,25769799680,9588736,49,834489793,784270057,50219736,0,0
2026-08-31T03:31:39.929131+00:00,255.295,10662817792,11033341952,10613415936,77824,0,0,5351182336,25769799680,9588736,49,842411468,791729069,50682398,0,0
2026-08-31T03:31:40.930205+00:00,256.296,10716119040,11033341952,10666561536,77824,0,0,5257928704,25769799680,9588736,49,850163724,799163322,51000401,0,0
2026-08-31T03:31:41.931145+00:00,257.297,10897108992,11033341952,10847059968,77824,0,0,5102563328,25769799680,9588736,49,858113502,806694124,51419378,0,0
2026-08-31T03:31:42.932333+00:00,258.298,10635976704,11033341952,10586824704,77824,0,0,5368647680,25769799680,9588736,49,866087834,814392102,51695731,0,0
2026-08-31T03:31:43.933567+00:00,259.299,10636156928,11033341952,10586828800,77824,0,0,5373857792,25769799680,9588736,49,874005849,821766758,52239091,0,0
2026-08-31T03:31:44.934775+00:00,260.301,10801139712,11033341952,10751885312,77824,0,0,5215903744,25769799680,9588736,49,881965750,829290850,52674900,0,0
2026-08-31T03:31:45.935705+00:00,261.302,10933415936,11033341952,10883678208,77824,0,0,5141762048,25769799680,9588736,49,889844582,836722368,53122214,0,0
2026-08-31T03:31:46.936831+00:00,262.303,10771255296,11033341952,10721554432,77824,0,0,5257764864,25769799680,9588736,49,897813277,844419269,53394008,0,0
2026-08-31T03:31:47.938026+00:00,263.304,10636402688,11033341952,10587217920,77824,0,0,5394169856,25769799680,9588736,49,905631351,851913546,53717805,0,0
2026-08-31T03:31:48.939334+00:00,264.305,10636435456,11033341952,10587222016,77824,0,0,5401526272,25769799680,9588736,49,913563371,859361701,54201670,0,0
2026-08-31T03:31:49.941777+00:00,265.308,10782691328,11033341952,10733379584,77824,0,0,5263069184,25769799680,9588736,49,921454089,866881276,54572813,0,0
2026-08-31T03:31:50.942977+00:00,266.309,10852384768,11033341952,10802778112,77824,0,0,5201784832,25769799680,9588736,49,929401750,874513778,54887971,0,0
2026-08-31T03:31:51.943871+00:00,267.310,10745028608,11033341952,10695012352,77824,0,0,5252440064,25769799680,9588736,49,937348045,882148485,55199560,0,0
2026-08-31T03:31:52.944790+00:00,268.311,10662961152,11033341952,10613792768,77824,0,0,5365424128,25769799680,9588736,49,945225488,889659124,55566363,0,0
2026-08-31T03:31:53.945894+00:00,269.312,10709839872,11033341952,10656325632,77824,0,0,5337690112,25769799680,9588736,49,953200528,897281792,55918736,0,0
2026-08-31T03:31:54.946907+00:00,270.313,10933960704,11033341952,10884104192,77824,0,0,5144571904,25769799680,9588736,49,961038306,904708806,56329499,0,0
2026-08-31T03:31:55.948051+00:00,271.314,10718302208,11033341952,10668896256,77824,0,0,5314633728,25769799680,9588736,49,968940104,912338054,56602050,0,0
2026-08-31T03:31:56.949388+00:00,272.315,10807238656,11033341952,10753495040,77824,0,0,5238865920,25769799680,9588736,49,976877909,919903675,56974233,0,0
2026-08-31T03:31:57.950561+00:00,273.316,10808672256,11033341952,10754854912,77824,0,0,5226467328,25769799680,9588736,49,984852919,927522394,57330525,0,0
2026-08-31T03:31:58.951682+00:00,274.318,10668789760,11033341952,10619658240,77824,0,0,5365903360,25769799680,9588736,49,992834287,935160263,57674024,0,0
2026-08-31T03:31:59.952835+00:00,275.319,10642997248,11033341952,10593726464,77824,0,0,5391024128,25769799680,9588736,49,1000813943,942832005,57981937,0,0
2026-08-31T03:32:00.954036+00:00,276.320,10645643264,11033341952,10596433920,77824,0,0,5395922944,25769799680,9588736,49,1008767321,950321527,58445793,0,0
2026-08-31T03:32:01.957923+00:00,277.324,10645610496,11033341952,10596438016,77824,0,0,5380190208,25769799680,9588736,49,1016742628,957881036,58861592,0,0
2026-08-31T03:32:02.959690+00:00,278.326,10836594688,11049480192,10785034240,77824,0,0,5209669632,25769799680,9588736,49,1024658464,965344914,59313550,0,0
2026-08-31T03:32:03.960895+00:00,279.327,10675388416,11049480192,10626404352,77824,0,0,5344653312,25769799680,9588736,49,1032630384,973052634,59577749,0,0
2026-08-31T03:32:04.962647+00:00,280.329,10675785728,11049480192,10626486272,77824,0,0,5363412992,25769799680,9588736,49,1040527634,980666835,59860799,0,0
2026-08-31T03:32:05.964307+00:00,281.330,10648612864,11061448704,10599153664,77824,0,0,5387882496,25769799680,9588736,49,1048485298,987972807,60512490,0,0
2026-08-31T03:32:06.965783+00:00,282.332,10863976448,11061448704,10810220544,77824,0,0,5183823872,25769799680,9588736,49,1056354207,995501270,60852936,0,0
2026-08-31T03:32:07.967010+00:00,283.333,10675949568,11061448704,10626826240,77824,0,0,5348724736,25769799680,9588736,49,1064326405,1003137808,61188597,0,0
2026-08-31T03:32:08.969356+00:00,284.335,10649042944,11061448704,10599563264,77824,0,0,5354209280,25769799680,9588736,49,1072186281,1010497682,61688599,0,0
2026-08-31T03:32:09.970613+00:00,285.337,10829221888,11061448704,10777079808,77824,0,0,5203410944,25769799680,9588736,49,1080174332,1018006200,62168132,0,0
2026-08-31T03:32:10.971672+00:00,286.338,10675851264,11061448704,10626842624,77824,0,0,5328068608,25769799680,9588736,49,1088141779,1025721710,62420069,0,0
2026-08-31T03:32:11.972831+00:00,287.339,10648895488,11061448704,10599587840,77824,0,0,5356802048,25769799680,9588736,49,1095986626,1033194668,62791958,0,0
2026-08-31T03:32:12.973790+00:00,288.340,10648670208,11061448704,10599596032,77824,0,0,5363494912,25769799680,9588736,49,1103974507,1040703498,63271009,0,0
2026-08-31T03:32:13.977693+00:00,289.344,10678464512,11064041472,10629136384,77824,0,0,5317783552,25769799680,9588736,49,1111984914,1048418279,63566635,0,0
2026-08-31T03:32:14.978665+00:00,290.345,10649935872,11064041472,10600751104,77824,0,0,5355360256,25769799680,9588736,49,1119910268,1055971708,63938560,0,0
2026-08-31T03:32:15.979918+00:00,291.346,10676400128,11064041472,10626883584,77824,0,0,5354971136,25769799680,9588736,49,1127886399,1063652346,64234052,0,0
2026-08-31T03:32:16.980978+00:00,292.347,10648408064,11064041472,10599624704,77824,0,0,5380067328,25769799680,9588736,49,1135852562,1071245676,64606886,0,0
2026-08-31T03:32:17.981963+00:00,293.348,10649030656,11064041472,10599628800,77824,0,0,5366026240,25769799680,9588736,49,1143844859,1078947160,64897698,0,0
2026-08-31T03:32:18.984200+00:00,294.350,10786902016,11064041472,10737356800,77824,0,0,5233008640,25769799680,9588736,49,1151795206,1086541567,65253638,0,0
2026-08-31T03:32:19.985069+00:00,295.351,10846199808,11064041472,10794106880,77824,0,0,5162270720,25769799680,9588736,49,1159760478,1094163113,65597364,0,0
2026-08-31T03:32:20.985916+00:00,296.352,10693095424,11064041472,10643619840,77824,0,0,5349957632,25769799680,9588736,49,1167717734,1101720953,65996780,0,0
2026-08-31T03:32:21.986912+00:00,297.353,10676367360,11064041472,10626916352,77824,0,0,5372485632,25769799680,9588736,49,1175696394,1109463275,66233119,0,0
2026-08-31T03:32:22.987847+00:00,298.354,10621861888,11064041472,10572533760,77824,0,0,5418110976,25769799680,9588736,49,1183629750,1116945670,66684079,0,0
2026-08-31T03:32:23.989733+00:00,299.356,10648735744,11064041472,10599669760,77824,0,0,5382402048,25769799680,9588736,49,1191625212,1124561783,67063429,0,0
2026-08-31T03:32:24.990867+00:00,300.357,10648748032,11064041472,10599677952,77824,0,0,5378445312,25769799680,9588736,49,1199537677,1132127045,67410632,0,0
2026-08-31T03:32:25.991791+00:00,301.358,10760839168,11064041472,10711277568,77824,0,0,5255110656,25769799680,9588736,49,1207394335,1139648454,67745880,0,0
2026-08-31T03:32:26.992948+00:00,302.359,10695884800,11064041472,10646888448,77824,0,0,5313019904,25769799680,9588736,49,1215191271,1147025102,68166168,0,0
2026-08-31T03:32:27.994074+00:00,303.360,10759192576,11064041472,10710155264,77824,0,0,5284687872,25769799680,9588736,49,1223106860,1154623695,68483165,0,0
2026-08-31T03:32:28.997869+00:00,304.364,10703478784,11064041472,10654216192,77824,0,0,5331808256,25769799680,9588736,49,1230948919,1162034058,68914861,0,0
2026-08-31T03:32:29.998874+00:00,305.365,10739322880,11064041472,10689957888,77824,0,0,5283442688,25769799680,9588736,49,1238828700,1169602850,69225850,0,0
2026-08-31T03:32:30.999975+00:00,306.366,10868531200,11064041472,10819108864,77824,0,0,5196222464,25769799680,9588736,49,1246687489,1177053687,69633801,0,0
2026-08-31T03:32:32.000894+00:00,307.367,10731741184,11064041472,10682580992,77824,0,0,5285388288,25769799680,9588736,49,1254607248,1184753465,69853782,0,0
2026-08-31T03:32:33.001900+00:00,308.368,10648535040,11064041472,10599718912,77824,0,0,5357809664,25769799680,9588736,49,1262476312,1192311904,70164408,0,0
2026-08-31T03:32:34.002940+00:00,309.369,10786111488,11070967808,10737033216,77824,0,0,5271883776,25769799680,9588736,49,1270292953,1199641659,70651294,0,0
2026-08-31T03:32:35.003930+00:00,310.370,10827505664,11070967808,10773540864,77824,0,0,5216677888,25769799680,9588736,49,1278074745,1207083022,70991722,0,0
2026-08-31T03:32:36.004831+00:00,311.371,10697289728,11070967808,10647912448,77824,0,0,5332381696,25769799680,9588736,49,1286028097,1214713113,71314983,0,0
2026-08-31T03:32:37.005911+00:00,312.372,10648817664,11070967808,10599743488,77824,0,0,5361352704,25769799680,9588736,49,1293909117,1222158959,71750158,0,0
2026-08-31T03:32:38.006961+00:00,313.373,10648993792,11070967808,10599751680,77824,0,0,5340770304,25769799680,9588736,49,1301851987,1229745813,72106173,0,0
2026-08-31T03:32:39.008023+00:00,314.374,10677567488,11070967808,10628128768,77824,0,0,5301161984,25769799680,9588736,49,1309763415,1237378210,72385205,0,0
2026-08-31T03:32:40.009299+00:00,315.375,10759942144,11070967808,10710228992,77824,0,0,5249384448,25769799680,9588736,49,1317749118,1244987977,72761141,0,0
2026-08-31T03:32:41.010121+00:00,316.376,10692923392,11070967808,10641600512,77824,0,0,5342396416,25769799680,9588736,49,1325714978,1252653603,73061375,0,0
2026-08-31T03:32:42.010977+00:00,317.377,10870222848,11070967808,10820714496,77824,0,0,5153292288,25769799680,9588736,49,1333644277,1260207423,73436854,0,0
2026-08-31T03:32:43.012182+00:00,318.378,10727227392,11070967808,10671546368,77824,0,0,5273882624,25769799680,9588736,49,1341617866,1267893869,73723996,0,0
2026-08-31T03:32:44.013386+00:00,319.379,10841518080,11070967808,10792075264,77824,0,0,5214384128,25769799680,9588736,49,1349568561,1275425054,74143507,0,0
2026-08-31T03:32:45.017496+00:00,320.383,10892877824,11070967808,10843361280,77824,0,0,5140488192,25769799680,9588736,49,1357572920,1283116830,74456089,0,0
2026-08-31T03:32:46.018592+00:00,321.384,10782785536,11070967808,10733346816,77824,0,0,5248131072,25769799680,9588736,49,1365512684,1290665654,74847030,0,0
2026-08-31T03:32:47.019655+00:00,322.386,10759536640,11070967808,10710290432,77824,0,0,5263040512,25769799680,9588736,49,1373416163,1298277670,75138493,0,0
2026-08-31T03:32:48.020728+00:00,323.387,10739965952,11070967808,10688331776,77824,0,0,5257969664,25769799680,9588736,49,1381287300,1305617140,75670159,0,0
2026-08-31T03:32:49.021834+00:00,324.388,10732519424,11070967808,10683179008,77824,0,0,5252935680,25769799680,9588736,49,1389288386,1313310910,75977476,0,0
2026-08-31T03:32:50.022842+00:00,325.389,10679111680,11070967808,10629382144,77824,0,0,5311438848,25769799680,9588736,49,1397176139,1320747125,76429014,0,0
2026-08-31T03:32:51.023827+00:00,326.390,10649038848,11070967808,10599854080,77824,0,0,5340794880,25769799680,9588736,49,1405132798,1328420051,76712746,0,0
2026-08-31T03:32:52.025761+00:00,327.392,10760040448,11114512384,10710458368,77824,0,0,5276061696,25769799680,9588736,49,1412876873,1335563865,77313007,0,0
2026-08-31T03:32:53.027170+00:00,328.393,10649214976,11114512384,10599997440,77824,0,0,5358452736,25769799680,9588736,49,1420822005,1343384198,77437806,0,0
2026-08-31T03:32:54.029564+00:00,329.395,10738544640,11114512384,10687115264,77824,0,0,5290639360,25769799680,9588736,49,1428612158,1350786621,77825537,0,0
2026-08-31T03:32:55.030478+00:00,330.396,10749059072,11173515264,10698117120,77824,0,0,5254877184,25769799680,9588736,49,1436453069,1357984367,78468702,0,0
2026-08-31T03:32:56.031426+00:00,331.397,10774835200,11173515264,10725433344,77824,0,0,5272297472,25769799680,9588736,49,1444216740,1365308005,78908735,0,0
2026-08-31T03:32:57.032740+00:00,332.399,10735869952,11173515264,10686873600,77824,0,0,5304688640,25769799680,9588736,49,1452174051,1372559229,79614822,0,0
2026-08-31T03:32:58.034000+00:00,333.400,10961764352,11209490432,10912067584,77824,0,0,5103833088,25769799680,9588736,49,1459984512,1379602529,80381983,0,0
2026-08-31T03:32:59.035069+00:00,334.401,10869100544,11209490432,10820112384,77824,0,0,5172473856,25769799680,9588736,49,1467862410,1387213485,80648925,0,0
2026-08-31T03:33:00.036163+00:00,335.402,10851991552,11209490432,10803318784,77824,0,0,5191016448,25769799680,9588736,49,1475667576,1394515322,81152253,0,0
2026-08-31T03:33:01.037284+00:00,336.403,10845368320,11209490432,10794237952,77824,0,0,5185605632,25769799680,9588736,49,1483640756,1401900587,81740169,0,0
2026-08-31T03:33:02.038564+00:00,337.404,10740137984,11209490432,10691567616,77824,0,0,5297242112,25769799680,9588736,49,1491605746,1409370015,82235730,0,0
2026-08-31T03:33:03.039772+00:00,338.406,10740846592,11209490432,10691801088,77824,0,0,5129052160,25769799680,9588736,49,1499465632,1416442031,83023601,0,0
2026-08-31T03:33:04.040999+00:00,339.407,10876768256,11209490432,10828324864,77824,0,0,5022494720,25769799680,9588736,49,1507404064,1423853299,83550764,0,0
2026-08-31T03:33:05.042189+00:00,340.408,10740551680,11209490432,10692214784,77824,0,0,5174595584,25769799680,9588736,49,1515299395,1431250043,84049352,0,0
2026-08-31T03:33:06.044223+00:00,341.410,10753138688,11209490432,10704130048,77824,0,0,5182414848,25769799680,9588736,49,1523232720,1438400068,84832652,0,0
2026-08-31T03:33:07.045451+00:00,342.411,10939555840,11209490432,10890469376,77824,0,0,5100584960,25769799680,9588736,49,1531011119,1445423648,85587470,0,0
2026-08-31T03:33:08.046632+00:00,343.413,10929512448,11209490432,10880237568,77824,0,0,5119746048,25769799680,9588736,49,1538907945,1453000964,85906980,0,0
2026-08-31T03:33:09.047834+00:00,344.414,10827460608,11209490432,10778775552,77824,0,0,5071691776,25769799680,9588736,49,1546644826,1460033446,86611380,0,0
2026-08-31T03:33:10.049093+00:00,345.415,10829332480,11209490432,10780368896,77824,0,0,5095489536,25769799680,9588736,49,1554521696,1467318184,87203511,0,0
2026-08-31T03:33:11.054381+00:00,346.420,10856738816,11209490432,10807906304,77824,0,0,5088559104,25769799680,9588736,49,1562507663,1474801679,87705984,0,0
2026-08-31T03:33:12.055619+00:00,347.422,10768166912,11209490432,10717179904,77824,0,0,5190230016,25769799680,9588736,49,1570472809,1482271020,88201788,0,0
2026-08-31T03:33:13.057625+00:00,348.424,10825453568,11209490432,10774470656,77824,0,0,5178408960,25769799680,9588736,49,1578356632,1489639376,88717256,0,0
2026-08-31T03:33:14.058812+00:00,349.425,10970132480,11209490432,10921078784,77824,0,0,5032878080,25769799680,9588736,49,1586275213,1496966848,89308364,0,0
2026-08-31T03:33:15.059952+00:00,350.426,10813038592,11209490432,10762125312,77824,0,0,5176684544,25769799680,9588736,49,1594163417,1504352034,89811382,0,0
2026-08-31T03:33:16.063444+00:00,351.429,11008401408,11209490432,10957008896,77824,0,0,5017276416,25769799680,9588736,49,1602168316,1511785876,90382439,0,0
2026-08-31T03:33:17.064697+00:00,352.431,10715848704,11209490432,10667110400,77824,0,0,5165072384,25769799680,9588736,49,1610098996,1519132744,90966252,0,0
2026-08-31T03:33:18.065920+00:00,353.432,10745200640,11209490432,10696372224,77824,0,0,5251919872,25769799680,9588736,49,1617972852,1526366466,91606386,0,0
2026-08-31T03:33:19.067135+00:00,354.433,10754383872,11209490432,10701471744,77824,0,0,5275500544,25769799680,9588736,49,1625871337,1533745323,92126013,0,0
2026-08-31T03:33:20.068455+00:00,355.434,11027066880,11209490432,10975768576,77824,0,0,5030768640,25769799680,9588736,49,1633637367,1540692515,92944851,0,0
2026-08-31T03:33:21.070671+00:00,356.437,10885398528,11209490432,10832703488,77824,0,0,5157740544,25769799680,9588736,49,1641559288,1548195203,93364084,0,0
2026-08-31T03:33:22.071596+00:00,357.437,10771857408,11209490432,10723098624,77824,0,0,5235761152,25769799680,9588736,49,1649336305,1555248237,94088068,0,0
2026-08-31T03:33:23.072479+00:00,358.438,10936004608,11209490432,10886676480,77824,0,0,5100851200,25769799680,9588736,49,1657243224,1562699207,94544017,0,0
2026-08-31T03:33:24.073678+00:00,359.440,10799792128,11209490432,10750926848,77824,0,0,5212557312,25769799680,9588736,49,1665106732,1570099662,95007070,0,0
2026-08-31T03:33:25.074887+00:00,360.441,10861195264,11209490432,10812059648,77824,0,0,5122818048,25769799680,9588736,49,1673006093,1577443136,95562957,0,0
2026-08-31T03:33:26.077091+00:00,361.443,10921197568,11222446080,10871750656,77824,0,0,5078913024,25769799680,9588736,49,1680880071,1584873442,96006629,0,0
2026-08-31T03:33:27.078130+00:00,362.444,10952933376,11222446080,10903461888,77824,0,0,5095510016,25769799680,9588736,49,1688770562,1592391024,96379537,0,0
2026-08-31T03:33:28.079227+00:00,363.445,11042193408,11222446080,10992705536,77824,0,0,4988854272,25769799680,9588736,49,1696639597,1599744893,96894704,0,0
2026-08-31T03:33:29.080547+00:00,364.446,10961018880,11222446080,10907774976,77824,0,0,5056311296,25769799680,9588736,49,1704510613,1607240262,97270350,0,0
2026-08-31T03:33:30.082050+00:00,365.448,10899951616,11244310528,10850856960,77824,0,0,5094707200,25769799680,9588736,49,1712278701,1614332547,97946154,0,0
2026-08-31T03:33:31.084675+00:00,366.451,10813870080,11244310528,10764898304,77824,0,0,5176856576,25769799680,9588736,49,1720238713,1621876525,98362188,0,0
2026-08-31T03:33:32.086345+00:00,367.452,10813808640,11244310528,10764910592,77824,0,0,5185921024,25769799680,9588736,49,1728053822,1629108706,98945116,0,0
2026-08-31T03:33:33.087475+00:00,368.453,10982375424,11276607488,10933264384,77824,0,0,4999991296,25769799680,9588736,49,1735981343,1636604223,99377119,0,0
2026-08-31T03:33:34.088427+00:00,369.454,10902396928,11276607488,10853294080,77824,0,0,5114568704,25769799680,9588736,49,1743831976,1643935465,99896511,0,0
2026-08-31T03:33:35.089543+00:00,370.455,10988716032,11276607488,10933669888,77824,0,0,5070229504,25769799680,9588736,49,1751791765,1651463694,100328070,0,0
2026-08-31T03:33:36.093682+00:00,371.460,11048312832,11276607488,10999037952,77824,0,0,4984852480,25769799680,9588736,49,1759715689,1658856373,100859316,0,0
2026-08-31T03:33:37.094773+00:00,372.461,10962165760,11276607488,10912948224,77824,0,0,5031677952,25769799680,9588736,49,1767589777,1666339184,101250593,0,0
2026-08-31T03:33:38.096106+00:00,373.462,11040423936,11276607488,10991132672,77824,0,0,4961210368,25769799680,9588736,49,1775453066,1673731435,101721631,0,0
2026-08-31T03:33:39.097285+00:00,374.463,10916388864,11276607488,10867351552,77824,0,0,5089009664,25769799680,9588736,49,1783378511,1681061145,102317366,0,0
2026-08-31T03:33:40.098383+00:00,375.464,11069526016,11276607488,11019939840,77824,0,0,4958269440,25769799680,9588736,49,1791199702,1688234016,102965686,0,0
2026-08-31T03:33:41.100516+00:00,376.466,11080667136,11276607488,11031334912,77824,0,0,4923084800,25769799680,9588736,49,1799098748,1695501983,103596765,0,0
2026-08-31T03:33:42.101581+00:00,377.467,11117883392,11276607488,11064217600,77824,0,0,4926754816,25769799680,9588736,49,1806971418,1702814953,104156464,0,0
2026-08-31T03:33:43.102511+00:00,378.468,10943344640,11356844032,10893971456,77824,0,0,5051408384,25769799680,9588736,49,1814860099,1709932351,104927748,0,0
2026-08-31T03:33:44.103687+00:00,379.470,11057532928,11356844032,11006210048,77824,0,0,4922318848,25769799680,9588736,49,1822765343,1716942645,105822697,0,0
2026-08-31T03:33:45.105170+00:00,380.471,11063279616,11500797952,11013623808,77824,0,0,4840132608,25769799680,9588736,49,1830664164,1723774803,106889361,0,0
2026-08-31T03:33:46.106919+00:00,381.473,10956640256,11500797952,10907451392,77824,0,0,4982198272,25769799680,9588736,49,1838520997,1730803697,107717299,0,0
2026-08-31T03:33:47.107811+00:00,382.474,11375513600,11500797952,11325706240,77824,0,0,4705042432,25769799680,9588736,49,1846452421,1737872459,108579961,0,0
2026-08-31T03:33:48.108634+00:00,383.475,11220623360,11500797952,11171028992,77824,0,0,4687769600,25769799680,9588736,49,1854342862,1744840130,109502731,0,0
2026-08-31T03:33:49.109665+00:00,384.476,10855030784,11500797952,10805870592,77824,0,0,5032960000,25769799680,9588736,49,1859582282,1749567750,110014532,0,0
2026-08-31T03:33:50.111007+00:00,385.477,10876977152,11500797952,10826108928,77824,0,0,4906389504,25769799680,9588736,49,1865696376,1755014694,110681682,0,0
2026-08-31T03:33:51.113486+00:00,386.479,10824454144,11500797952,10775449600,77824,0,0,5049053184,25769799680,9588736,49,1869185453,1758147132,111038320,0,0
2026-08-31T03:33:52.114280+00:00,387.480,10804518912,11500797952,10755833856,77824,0,0,5062664192,25769799680,9588736,49,1872900080,1761176822,111723258,0,0
2026-08-31T03:33:53.115061+00:00,388.481,10563465216,11500797952,10515468288,77824,0,0,5289041920,25769799680,9588736,49,1876828533,1764421893,112406639,0,0
2026-08-31T03:33:54.115998+00:00,389.482,10527924224,11500797952,10480074752,77824,0,0,5325381632,25769799680,9588736,49,1879086951,1766516431,112570520,0,0
2026-08-31T03:33:55.117066+00:00,390.483,10643550208,11500797952,10592833536,77824,0,0,5216374784,25769799680,9588736,49,1881154860,1768237025,112917834,0,0
2026-08-31T03:33:56.118081+00:00,391.484,10527744000,11500797952,10480074752,77824,0,0,5357674496,25769799680,9588736,49,1883158316,1769844779,113313536,0,0
2026-08-31T03:33:57.119134+00:00,392.485,10563002368,11500797952,10515468288,77824,0,0,5376098304,25769799680,9588736,49,1885160957,1771491728,113669228,0,0
2026-08-31T03:33:58.120160+00:00,393.486,10383826944,11500797952,10336378880,77824,0,0,5570764800,25769799680,9588736,49,1886788517,1772935393,113853124,0,0
2026-08-31T03:33:59.121370+00:00,394.487,9926225920,11500797952,9879330816,77824,0,0,5869801472,25769799680,9588736,49,1887738820,1773838029,113900791,0,0
2026-08-31T03:34:00.122558+00:00,395.488,9926144000,11500797952,9879330816,77824,0,0,5930061824,25769799680,9588736,49,1887741341,1773840398,113900943,0,0
2026-08-31T03:34:01.123802+00:00,396.490,9926144000,11500797952,9879330816,77824,0,0,5931470848,25769799680,9588736,49,1887743880,1773842783,113901096,0,0
2026-08-31T03:34:02.124822+00:00,397.491,9925963776,11500797952,9879330816,77824,0,0,5974720512,25769799680,9588736,49,1887746235,1773844997,113901238,0,0
2026-08-31T03:34:03.125927+00:00,398.492,9925963776,11500797952,9879330816,77824,0,0,5974720512,25769799680,9588736,49,1887749051,1773847642,113901408,0,0
2026-08-31T03:34:04.126918+00:00,399.493,9925963776,11500797952,9879330816,77824,0,0,6053740544,25769799680,9588736,49,1887751965,1773847642,113904322,0,0
2026-08-31T03:34:05.127900+00:00,400.494,9925963776,11500797952,9879330816,77824,0,0,6057476096,25769799680,9588736,49,1887754636,1773849135,113905500,0,0
2026-08-31T03:34:06.128810+00:00,401.495,9925963776,11500797952,9879330816,77824,0,0,6057476096,25769799680,9588736,49,1887757135,1773851634,113905500,0,0
2026-08-31T03:34:07.130048+00:00,402.496,9925963776,11500797952,9879330816,77824,0,0,6063509504,25769799680,9588736,49,1887759786,1773854285,113905500,0,0
2026-08-31T03:34:08.131064+00:00,403.497,9925963776,11500797952,9879330816,77824,0,0,6067187712,25769799680,9588736,49,1887762698,1773857197,113905500,0,0
2026-08-31T03:34:09.132333+00:00,404.498,9925963776,11500797952,9879330816,77824,0,0,6084460544,25769799680,9588736,49,1887765298,1773859797,113905500,0,0
2026-08-31T03:34:10.133308+00:00,405.499,9925963776,11500797952,9879330816,77824,0,0,6084472832,25769799680,9588736,49,1887767923,1773862344,113905579,0,0
2026-08-31T03:34:11.134204+00:00,406.500,9925963776,11500797952,9879330816,77824,0,0,6151065600,25769799680,9588736,49,1887770451,1773864719,113905731,0,0
2026-08-31T03:34:12.135247+00:00,407.501,9925963776,11500797952,9879330816,77824,0,0,6151065600,25769799680,9588736,49,1887772950,1773867219,113905731,0,0
2026-08-31T03:34:13.136138+00:00,408.502,9925963776,11500797952,9879330816,77824,0,0,6153162752,25769799680,9588736,49,1887775582,1773867219,113908363,0,0
2026-08-31T03:34:14.137263+00:00,409.503,9925963776,11500797952,9879330816,77824,0,0,6152646656,25769799680,9588736,49,1887778301,1773867219,113911082,0,0
2026-08-31T03:34:15.138136+00:00,410.504,9925963776,11500797952,9879330816,77824,0,0,6151614464,25769799680,9588736,49,1887780795,1773867219,113913576,0,0
2026-08-31T03:34:16.139033+00:00,411.505,9925963776,11500797952,9879330816,77824,0,0,6151647232,25769799680,9588736,49,1887783360,1773869580,113913780,0,0
2026-08-31T03:34:17.139944+00:00,412.506,9925963776,11500797952,9879330816,77824,0,0,6151905280,25769799680,9588736,49,1887785884,1773872104,113913780,0,0
2026-08-31T03:34:18.141002+00:00,413.507,9925963776,11500797952,9879330816,77824,0,0,6154002432,25769799680,9588736,49,1887788636,1773874855,113913780,0,0
2026-08-31T03:34:19.142005+00:00,414.508,9925963776,11500797952,9879330816,77824,0,0,6153744384,25769799680,9588736,49,1887791163,1773877383,113913780,0,0
2026-08-31T03:34:20.142839+00:00,415.509,9925963776,11500797952,9879330816,77824,0,0,6153744384,25769799680,9588736,49,1887793656,1773879737,113913919,0,0
2026-08-31T03:34:21.143778+00:00,416.510,9925963776,11500797952,9879330816,77824,0,0,6155857920,25769799680,9588736,49,1887796048,1773882129,113913919,0,0
2026-08-31T03:34:22.144837+00:00,417.511,9925963776,11500797952,9879330816,77824,0,0,6155857920,25769799680,9588736,49,1887798539,1773884620,113913919,0,0
2026-08-31T03:34:23.145808+00:00,418.512,9925963776,11500797952,9879330816,77824,0,0,6155628544,25769799680,9588736,49,1887800924,1773887005,113913919,0,0
2026-08-31T03:34:24.146639+00:00,419.513,9925894144,11500797952,9879330816,77824,0,0,6155628544,25769799680,9588736,49,1887803391,1773887005,113916386,0,0
2026-08-31T03:34:25.147558+00:00,420.513,9925894144,11500797952,9879330816,77824,0,0,6155628544,25769799680,9588736,49,1887805754,1773887832,113917922,0,0
2026-08-31T03:34:26.148378+00:00,421.514,9925894144,11500797952,9879330816,77824,0,0,6155628544,25769799680,9588736,49,1887808239,1773890166,113918072,0,0
