epoch,host_mem_available_bytes,host_swap_used_bytes,parser_current_bytes,parser_peak_bytes,worker_1_current_bytes,worker_1_peak_bytes,worker_2_current_bytes,worker_2_peak_bytes,worker_3_current_bytes,worker_3_peak_bytes,worker_4_current_bytes,worker_4_peak_bytes
1788153318,4692836352,0,12793438208,13953400832,45174784,46653440,45113344,46342144,45142016,46628864,45170688,46673920
1788153320,2356449280,274432,15022149632,15032385536,45154304,46723072,45187072,46612480,45146112,46628864,45182976,46673920
1788153322,3137708032,274432,14004805632,15032385536,45182976,46723072,45289472,46710784,45137920,46628864,45199360,46673920
1788153324,4172996608,274432,12506333184,15032385536,45207552,46723072,45125632,46710784,45195264,46628864,45273088,46673920
1788153327,4282187776,274432,12506279936,15032385536,45182976,46723072,45297664,46870528,45191168,46755840,45297664,46698496
1788153329,4388655104,274432,12506537984,15032385536,45137920,46723072,45133824,46870528,45191168,46755840,45154304,46915584
1788153331,4379668480,274432,12506382336,15032385536,45178880,46723072,45146112,46870528,45158400,46755840,45121536,46915584
1788153333,4384956416,274432,12506619904,15032385536,45182976,46723072,45289472,46870528,45289472,46985216,45260800,46915584
1788153335,4370186240,274432,12614529024,15032385536,45240320,46723072,45178880,46870528,45187072,46985216,45121536,46915584
1788153338,4394332160,274432,12506284032,15032385536,45330432,46796800,45268992,46870528,45318144,46985216,45178880,46915584
1788153340,4338868224,274432,12506292224,15032385536,45187072,46796800,45125632,46870528,45223936,46985216,45113344,46915584
1788153342,4440166400,274432,12588503040,15032385536,45314048,46927872,45182976,46870528,45219840,46985216,45142016,46915584
1788153344,4368723968,274432,12506333184,15032385536,45178880,46927872,45129728,46870528,45195264,46985216,45182976,46915584
1788153347,4365004800,274432,12506288128,15032385536,45338624,46927872,45182976,46870528,45182976,46985216,45236224,46915584
1788153349,4441092096,274432,12506607616,15032385536,45137920,46927872,45137920,46870528,45166592,46985216,45129728,46915584
1788153351,4408582144,274432,12542021632,15032385536,45178880,46927872,45137920,46870528,45281280,46985216,45363200,46915584
1788153353,4434149376,274432,12506415104,15032385536,45166592,46927872,45187072,46870528,45191168,46985216,45129728,46915584
1788153355,4433346560,274432,12588371968,15032385536,45154304,46981120,45256704,46870528,45195264,46985216,45125632,46915584
1788153358,4446543872,274432,12521160704,15032385536,45191168,46981120,45260800,46870528,45191168,46985216,45174784,46915584
1788153360,4383522816,274432,12506542080,15032385536,45182976,46981120,45182976,46870528,45199360,46985216,45174784,46915584
1788153362,4363923456,274432,12506431488,15032385536,45191168,46981120,45178880,46870528,45199360,46985216,45244416,46915584
1788153363,4447412224,274432,12506427392,15032385536,45260800,46981120,45129728,46870528,45203456,46985216,45113344,46915584
1788153365,4492906496,274432,12507344896,15032385536,45133824,46981120,45174784,46870528,45133824,46985216,45113344,46915584
1788153368,4494422016,274432,12507222016,15032385536,45187072,46981120,45187072,46891008,45182976,46985216,45113344,46915584
1788153370,4485238784,274432,12509102080,15032385536,45133824,46981120,45268992,46891008,45187072,46985216,45121536,46915584
1788153372,4487462912,274432,12507463680,15032385536,45125632,46981120,45133824,46977024,45195264,46985216,45117440,46915584
1788153374,4548567040,274432,12507316224,15032385536,45244416,46981120,45125632,46977024,45182976,46985216,45121536,46915584
1788153377,4489535488,274432,12507049984,15032385536,45199360,46981120,45531136,46977024,45195264,46985216,45182976,46915584
1788153379,4538470400,274432,12507037696,15032385536,45285376,46981120,45182976,46977024,45129728,46985216,45125632,46915584
1788153381,4516618240,274432,12508844032,15032385536,45137920,46981120,45318144,46977024,45195264,46985216,45121536,46915584
1788153383,4542152704,274432,12507246592,15032385536,45187072,46981120,45121536,46977024,45137920,46985216,45113344,46915584
1788153386,4546015232,274432,12507099136,15032385536,45195264,46981120,45301760,46977024,45187072,46985216,45166592,46915584
1788153388,4560322560,274432,12506849280,15032385536,45293568,46981120,45285376,46977024,45187072,46985216,45117440,46915584
1788153390,4489830400,274432,12554199040,15032385536,45133824,46981120,45125632,46977024,45187072,46985216,45113344,46915584
1788153392,4556308480,274432,12529516544,15032385536,45182976,46981120,45178880,46977024,45182976,46985216,45125632,46915584
1788153394,4469739520,274432,12693348352,15032385536,45121536,46981120,45187072,46977024,45146112,46985216,45142016,46915584
1788153396,4416401408,274432,12582592512,15032385536,45125632,46981120,45129728,46977024,45191168,46985216,45195264,46915584
1788153398,4167512064,274432,12687380480,15032385536,45129728,46981120,45129728,46977024,45133824,46985216,45191168,46915584
1788153401,3995541504,274432,13092651008,15032385536,45195264,46981120,45191168,46977024,45424640,46985216,45174784,46915584
1788153403,4023697408,274432,13082636288,15032385536,45170688,46981120,45191168,46977024,45137920,46985216,45182976,46915584
1788153406,3988852736,274432,13072244736,15032385536,45203456,46981120,45125632,46977024,45133824,46985216,45117440,46915584
1788153408,3745824768,274432,13040848896,15032385536,45187072,46981120,45187072,46977024,45129728,46985216,45121536,46915584
1788153411,4002488320,274432,12937838592,15032385536,45207552,46981120,45125632,46977024,45215744,46985216,45273088,46915584
1788153413,4050804736,274432,13208571904,15032385536,45137920,46981120,45178880,46977024,45191168,46985216,45166592,46915584
1788153415,3888377856,274432,13030318080,15032385536,45182976,46981120,45125632,46977024,45236224,46985216,45191168,46915584
1788153417,4088504320,274432,13051785216,15032385536,45338624,46981120,45121536,46981120,45182976,46985216,45195264,46960640
1788153420,3949117440,274432,12942667776,15032385536,45178880,46981120,45187072,46981120,45211648,46985216,45215744,46960640
1788153422,4014792704,274432,13089452032,15032385536,45121536,46981120,45133824,46981120,45191168,46985216,45170688,46977024
1788153424,3939303424,274432,13313478656,15032385536,45187072,46981120,45387776,46981120,45133824,46985216,45178880,46977024
1788153426,3933163520,274432,13226643456,15032385536,45174784,46981120,45125632,46981120,45137920,46985216,45199360,46977024
1788153429,3992948736,274432,13226885120,15032385536,45191168,46981120,45129728,46981120,45146112,46985216,45117440,46977024
1788153431,3946360832,274432,13004996608,15032385536,45260800,46981120,45133824,46981120,45264896,46985216,45166592,46977024
1788153434,3967959040,274432,12977704960,15032385536,45142016,46981120,45121536,46981120,45137920,46989312,45117440,46977024
1788153436,3842297856,274432,12971139072,15032385536,45252608,46981120,45182976,46981120,45207552,46989312,45125632,46977024
1788153438,3975311360,274432,13272461312,15032385536,45187072,46981120,45178880,46981120,45187072,46989312,45236224,46977024
1788153441,3965612032,274432,12996857856,15032385536,45133824,46981120,45182976,46981120,45142016,46989312,45182976,46977024
1788153443,3999232000,274432,13116334080,15032385536,45203456,46981120,45125632,46981120,45142016,46989312,45178880,46977024
1788153445,4092047360,274432,13005479936,15032385536,45129728,46981120,45178880,46981120,45142016,46989312,45264896,46977024
1788153448,4022870016,274432,13088362496,15032385536,45178880,46981120,45125632,46981120,45195264,46989312,45121536,46977024
1788153450,3968520192,274432,13279531008,15032385536,45318144,46981120,45121536,46981120,45178880,46989312,45285376,46977024
1788153452,3950641152,274432,13005885440,15032385536,45203456,46981120,45223936,46981120,45137920,46989312,45215744,46977024
1788153454,3896860672,274432,13114474496,15032385536,45133824,46981120,45125632,46981120,45277184,46989312,45133824,46977024
1788153457,3837120512,274432,13170499584,15032385536,45178880,46981120,45215744,46981120,45154304,46989312,45260800,46977024
1788153459,3734548480,274432,13181292544,15032385536,45199360,46981120,45182976,46981120,45191168,46989312,45187072,46977024
1788153461,3848220672,274432,13215170560,15032385536,45178880,46981120,45174784,46981120,45232128,46989312,45248512,46977024
1788153463,3894059008,274432,13124456448,15032385536,45182976,46981120,45121536,46981120,45137920,46989312,45191168,46977024
1788153466,3895447552,274432,13005615104,15032385536,45187072,46981120,45187072,46981120,45133824,46989312,45359104,46977024
1788153468,3983187968,274432,12977954816,15032385536,45207552,46981120,45187072,46981120,45260800,46989312,45113344,46977024
1788153470,3813154816,274432,13170626560,15032385536,45187072,46981120,45178880,46981120,45137920,46989312,45121536,46977024
1788153473,3965730816,274432,13214081024,15032385536,45174784,46981120,45187072,46981120,45137920,46989312,45182976,46977024
1788153475,3885846528,274432,13005541376,15032385536,45240320,46981120,45150208,46981120,45137920,46989312,45113344,46977024
1788153477,3663699968,274432,13033336832,15032385536,45178880,46981120,45187072,46981120,45195264,46989312,45125632,46977024
1788153480,3884666880,274432,13169209344,15032385536,45182976,46981120,45174784,46981120,45187072,46989312,45146112,46977024
1788153482,3870842880,274432,13155348480,15032385536,45121536,46981120,45174784,46981120,45207552,46989312,45117440,46977024
1788153484,3863412736,274432,13367103488,15032385536,45178880,46981120,45121536,46981120,45215744,46989312,45166592,46977024
1788153487,3684679680,274432,13238325248,15032385536,45133824,46981120,45129728,46981120,45146112,46989312,45166592,46977024
1788153489,3639201792,274432,13076283392,15032385536,45256704,46981120,45129728,46981120,45133824,46989312,45187072,46977024
1788153491,3949686784,274432,13150040064,15032385536,45125632,46981120,45428736,46981120,45252608,46989312,45174784,46977024
1788153494,3809665024,274432,13084577792,15032385536,45133824,46981120,45178880,46981120,45260800,46989312,45166592,46977024
1788153496,3860733952,274432,13161508864,15032385536,45137920,46981120,45121536,46981120,45187072,46989312,45125632,46977024
1788153498,3876986880,274432,12992540672,15032385536,45178880,46981120,45191168,46981120,45133824,46989312,45174784,46977024
1788153501,3753586688,274432,13273378816,15032385536,45129728,46981120,45133824,46981120,45293568,46989312,45121536,46977024
1788153503,3859808256,274432,13164355584,15032385536,45187072,46981120,45244416,46981120,45248512,46989312,45174784,46977024
1788153505,3780435968,274432,13173489664,15032385536,45178880,46981120,45170688,46981120,45268992,46989312,45166592,46977024
1788153507,3793108992,274432,13341839360,15032385536,45178880,46981120,45195264,46981120,45268992,46989312,45203456,46977024
1788153510,3900682240,274432,13257187328,15032385536,45174784,46981120,45133824,46981120,45133824,46989312,45178880,46977024
1788153512,3702751232,274432,13177622528,15032385536,45129728,46981120,45121536,46981120,45432832,46989312,45129728,46977024
1788153514,3816710144,274432,13120188416,15032385536,45187072,46981120,45203456,46981120,45142016,46989312,45121536,46977024
1788153516,3787079680,274432,13177614336,15032385536,45133824,46981120,45174784,46981120,45137920,46989312,45113344,46977024
1788153519,3847127040,274432,13225046016,15032385536,45277184,46981120,45129728,46981120,45342720,46989312,45125632,46977024
1788153521,3807309824,274432,13290467328,15032385536,45129728,46981120,45363200,46981120,45199360,46989312,45309952,46977024
1788153524,3773177856,274432,13344595968,15032385536,45121536,46981120,45133824,46981120,45191168,46989312,45240320,46977024
1788153526,3662594048,274432,13402894336,15032385536,45133824,46981120,45240320,46981120,45129728,46989312,45166592,46977024
1788153528,3606409216,274432,13236355072,15032385536,45211648,46981120,45187072,46981120,45182976,46989312,45166592,46977024
1788153530,3731210240,274432,12948766720,15032385536,45182976,46981120,45129728,46981120,47042560,48300032,46616576,50774016
1788153532,3804643328,274432,13058215936,15032385536,45191168,46981120,45182976,46981120,47218688,48525312,46612480,50774016
1788153534,3737288704,274432,13055078400,15032385536,45133824,46981120,45129728,46981120,47128576,48631808,46616576,50774016
1788153536,4104732672,274432,12768940032,15032385536,45178880,46981120,45129728,46985216,47095808,48631808,46620672,50774016
1788153538,4269318144,274432,12624953344,15032385536,46575616,48054272,45129728,47792128,47095808,48631808,46624768,50774016
1788153540,4242538496,274432,12568723456,15032385536,46579712,48054272,46571520,48050176,47112192,48631808,46563328,50774016
1788153541,4248539136,274432,12568670208,15032385536,46632960,48054272,46579712,48054272,47104000,48631808,46571520,50774016
1788153543,4262526976,274432,12568666112,15032385536,46575616,48054272,46628864,48160768,47095808,48631808,46567424,50774016
1788153545,4340719616,274432,12568719360,15032385536,46632960,48054272,46575616,48160768,47083520,51122176,46620672,50774016
1788153547,4372959232,274432,12568719360,15032385536,46641152,48054272,46575616,48160768,47050752,51122176,46567424,50774016
1788153549,4385927168,274432,12568715264,15032385536,46628864,48054272,46628864,48160768,47263744,51838976,46612480,50774016
1788153550,4384296960,274432,12568670208,15032385536,46637056,48066560,46637056,48160768,47108096,51838976,46612480,50774016
1788153552,4357636096,274432,12568727552,15032385536,46571520,51376128,46579712,48160768,47104000,51838976,46624768,50774016
1788153554,4383563776,274432,12568727552,15032385536,46739456,51376128,46637056,48160768,47095808,51838976,46571520,50774016
1788153555,4367339520,274432,12568723456,15032385536,46632960,51376128,46575616,48160768,47108096,51838976,46567424,50774016
1788153557,4389404672,274432,12568723456,15032385536,46632960,51376128,46579712,48316416,47050752,51838976,46624768,50774016
1788153559,4432093184,274432,12568674304,15032385536,46641152,51376128,46579712,48316416,47206400,51838976,46620672,50774016
1788153561,4494868480,274432,12568719360,15032385536,46583808,51376128,46628864,48316416,0,0,0,0
1788153562,4553965568,274432,12568735744,15032385536,46583808,51376128,46567424,48316416,0,0,0,0
1788153564,4557721600,274432,12568670208,15032385536,46632960,51376128,46632960,50757632,0,0,0,0
1788153565,4524032000,274432,12568723456,15032385536,46628864,51376128,46628864,50757632,0,0,0,0
1788153567,4553605120,274432,12568727552,15032385536,46628864,51376128,46628864,50757632,0,0,0,0
1788153568,4632547328,274432,12568739840,15032385536,0,0,0,0,0,0,0,0
